insert into USER (ID, EMAIL, ENABLED, NAME, PASSWORD, PHONENUMBER, ROLE, SURNAME, BASKETENTITY_ID)
values (1, 'client@client.client', true, 'client', '$2a$10$wegBudGxEOgWNgYyNnKWMeF/UmSfvAYbAfiH0ShUOf4I0oHNjxSOC',
        '123123123', 'CLIENT', 'Client', null),
       (2, 'admin@admin.admin', true, 'Admin', '$2a$10$cYZmOzkl7Ag6znLuF4jVW.ifiXF5ajpfoHRbW25rziurr6wg0EEQa',
        '123123123', 'ADMIN', 'Admin', null);

insert into ADDRESS (ID, BUILDINGNUMBER, CITY, FLATNUMBER, POSTALCODE, STREET, VOIVODESHIP)
values (1, '25', 'Warszawa', '12', '30-428', 'Kowalska 3', 'Mazowieckie'),
       (2, '11', 'Zawiercie', null, '42-400', 'Głogowa 15', 'Małopolskie');

insert into USERS_ADDRESSES (ADDRESS_ID, USER_ID)
values (1, 1),
       (2, 1);

insert into AUTHOR (ID, NAME, SURNAME)
values (1, 'Dmitry', 'Jemerov'),
       (2, 'Svetlana', 'Isakova');

insert into LANGUAGE (ID, NAME)
values (1, 'English'),
       (2, 'Polish');

insert into CATEGORY (ID, NAME)
values (1, 'Biografie'),
       (2, 'Biznes'),
       (3, 'Informatyka'),
       (4, 'Kryminał'),
       (5, 'Fantasy');

insert into PUBLISHER (ID, PUBLISHERCITY, PUBLISHERNAME)
values (1, 'Gliwice', 'Helion SA'),
       (2, 'Wrocław', 'Expertia');

insert into SUBCATEGORY (ID, NAME, CATEGORY_ID)
values (1, 'Pamiętniki', 1),
       (2, 'Autobiografie', 1),
       (3, 'Ekonomia', 2),
       (4, 'Zarządzanie', 2),
       (5, 'Marketing', 2),
       (6, 'Bazy danych', 3),
       (7, 'Programowanie', 3),
       (8, 'Bezpieczeństwo', 3),
       (9, 'Sensacja', 4),
       (10, 'thriller', 4),
       (11, 'Inne', 4),
       (12, 'Inne', 5),
       (13, 'Horror', 5),
       (14, 'Science Fiction', 5);

insert into COVER (ID, DATA, NAME, TYPE)
values (1,
        'FFD8FFE000104A46494600010101012C012C0000FFDB00430006040506050406060506070706080A100A0A09090A140E0F0C1017141818171416161A1D251F1A1B231C1616202C20232627292A29191F2D302D283025282928FFDB0043010707070A080A130A0A13281A161A2828282828282828282828282828282828282828282828282828282828282828282828282828282828282828282828282828FFC000110801D2014603011100021101031101FFC4001C0001000105010100000000000000000000000602030405070108FFC400551000010303010306070C06070801030500010203040005112106123107134151617114223281B1B2D11534364255627273748293C12352549194A10817243335B3F016374353637592E1A22526443883C2D2F1FFC4001C0101000203010101000000000000000000000304010205060708FFC40040110002010202060707030303040301010000010203041112052131324151132233617181910652A1B1C1D1F01442E116233453B2C2152462F17282A23592FFDA000C03010002110311003F00C6851231831498B1892CA0925A4924EE8E2715F3AAB56A7492EBBDAF8B3E9B468D3E8E1D55B1702F782C5FD9237E027D951F4B53DF7EAC93A0A5EE2F41E0B17F648DF809F653A5A9EFBF563A0A5EE2F41E0B17F648DF809F653A5A9EFBF563A0A5EE2F41E0B17F648DF809F653A5A9EFBF563A0A5EE2F41E0B17F648DF809F653A5A9EFBF563A0A5EE2F41E0B17F648DF809F653A5A9EFBF563A0A5EE2F41E0B17F648DF809F653A5A9EFBF563A0A5EE2F41E0B17F648DF809F653A5A9EFBF563A0A5EE2F41E0B17F648DF809F653A5A9EFBF563A0A5EE2F41E0B17F648DF809F653A5A9EFBF563A0A5EE2F41E0B17F648DF809F653A5A9EFBF563A0A5EE2F41E0B17F648DF809F653A5A9EFBF563A0A5EE2F41E0B17F648DF809F653A5A9EFBF563A0A5EE2F41E0B17F648DF809F653A5A9EFBF563A0A5EE2F41E0B17F648DF809F653A5A9EFBF563A0A5EE2F41E0B17F648DF809F653A5A9EFBF563A0A5EE2F41E0B17F648DF809F653A5A9EFBF563A0A5EE2F41E0B17F648DF809F653A5A9EFBF563A0A5EE2F4295468B83FD96300389E613ECAEBE88D1B73A4EAE4849A8ADAF5EAFE792381ED0E9BB2D056DD3568A7396EC756327F44B8BF25ACC753118FFF00891801A63994FB2BEA56D694ADA92A5496A5CF5BF16F99F9FAFF004A5D690AF2B8AF3EB3E5A92E492E097FEF59478346FD9637E027D953E48722974D57DF7EAC78346FD9637E027D94C90E43A6ABEFBF563C1A37ECB1BF013ECA648721D355F7DFAB1E0D1BF658DF809F65324390E9AAFBEFD58F068DFB2C6FC04FB29921C874D57DF7EAC78346FD9637E027D94C90E43A6ABEFBF563C1A37ECB1BF013ECA648721D355F7DFAB1E0D1BF658DF809F65324390E9AAFBEFD58F068DFB2C6FC04FB29921C874D57DF7EAC78346FD9637E027D94C90E43A6ABEFBF563C1A37ECB1BF013ECA648721D355F7DFAB1E0D1BF658DF809F65324390E9AAFBEFD58F068DFB2C6FC04FB29921C874D57DF7EAC78346FD9637E027D94C90E43A6ABEFBF563C1A37ECB1BF013ECA648721D355F7DFAB1E0D1BF658DF809F65324390E9AAFBEFD58F068DFB2C6FC04FB29921C874D57DF7EAC78346FD9637E027D94C90E43A6ABEFBF5678EB50D9656EBCC4443481952D4C2741FBAB1961C89EDE373735551A2E5294B624DFE78B209B51391706806A334C474383710942504E87551038F654371059367E6B3EADA2F43C7455BF5E79AA3C333C5B5E115C973E3B7B8E930BDE313EA5BF5457C5AAF693F17F33EA143B287822F5464A280500A0140280500A0140280500A0140280500A014052A571D7007135D7D11A22AE93AB921AA2B6BE5FCBE08E07B43ED0DB682B6E9AB75A72DD8F193FA25C5F92D663AD5BC70340380AFABDA5A52B3A4A8D158457C7BDF79F9DF49693B9D29732BABB96693F44B824B825CBEA5BAB073C500A0140280500A0140280500A0140280500A0140280501E3AE36CB2B75E586DA40CAD6780142C5BDBD5B9AAA8D159A52D88865EAEAE5C5E09482DC541CB6D9E24FEB2BB7D143EBBA0F41D2D134BDEA92DE97D23DDFEEF81A59FEF5FBE3D06ABDCF67E7F73AF5B70EAD0BDE313EA5BF5457C56AF693F17F33DB50ECA1E08BD51928A0140280500A0140280500A0140280500A0140280A54AC675C01C4D75F44688ABA4EAE486A82DAF97F3C91C0F687DA1B6D056DD356EB4E5BB1E327F44B8BF25ACC75AF7B41A01D15F57B4B4A5674951A2B08AF8F7BEF3F3BE93D2773A52E6575772CD27E897049704B97D4B7560E78A0140280500A0140280500A0140280500A0140280500A03C75C6D9656EBCB0DB48195ACF002858B7B7AB735551A2B34A5B110BBD5D1CB8BC12905B8A8396DB3C49FD6576FA287D7741683A5A2697BD525BD2FF8AEEFF76DE48D750EE18F3FDEBF7C7A0D57B9ECFCFEE455B70EAD0BDE313EA5BF5457C56AF693F17F33DB50ECA1E08BD51928A0140280500A0140280500A0140280500A014052A38075C01C4D75F44688ABA4EAE486A8ADAF97F3C91C0F687DA1B6D056DD356EB4E5BB1E327F44B8BF25ACC0B84A44688F4858CA1A4EF04E71BC4E8067B6BEAD6B694ACE92A3456115F98BE6CF823A977ED1E935D3CB19D47863C22B6EA5C125B17D59126768AE2DBDBEE2DB7504EAD2920271D43A455868FA22F65F44A864E8BCF33CDE38ECC7CB0EE2496DBAC4B8E10D2B9A91D2CAC8C9FA27A6B5CCE3BC790D2BEC85C5AE356D1F491E5FB97971F15E8669041C1183D55B9E359E500A0140280500A0140280500A0140280500A014078EB8DB2CADD7961B69032B59E0050B16F6F56E6AAA3456694B622197ABAB972742520B715072DB67893FACAEDF450FAEE82D054B44D2F7AA4B7A5F45DDF3DAF8235B43B8280C79FEF5FBE3D06ABDCF67E7F722ADB875685EF189F52DFAA2BE2B57B49F8BF99EDA87650F045EA8C94500A0140280500A0140280500A01402805014A958CEB80389AEBE88D115749D5C90D505B5F2FE792381ED0FB436DA0ADBA6ADD69CB763C64FE89717E4B598EA56F1C0D12380AFABDA5A52B3A4A8D158457C7BDF79F9DF49692B9D29732BABA96694BD12E092E09705F5237B5F277598F15275592EAC760D123F7E6AC1EB7D87B2C6756F65C1655E2F5CBE182F32CD96CEC4CB5172485A5C7164B6B41C1481A70E9CD4152A38CFAA7D10D7DCECF26082B50E7A38390EB60E9DE388A9215130655B368A447096E5832981C093E3A4761E9F3FEFACE5C374E2E95D0367A4FAD55659FBCB6F9AD8FCF5F792987263CF6B9C86E8700F293C149EC228A5FB65A8F9B695F67AF34675E6B353F796CF3E2BCCAEB6382280500A0140280500A0140280500A014078EB8DB2CADD7961B69032B59E02858B7B7AB735551A2B34A5B110BBCDD5CB93A12905B8A8396DB3C49FD6576FA287D7741E82A5A2697BD525BD2FA47BBFDDC78235D43B82805018F3FDEBF7C7A0D57B9ECFCFEE455B70EAD0BDE313EA5BF5457C56AF693F17F33DB50ECA1E08BD51928A0140280500A0140280500A01402805014A8E01D7007135D7D11A22AE93AB921AA0B6BE5FCF2479FF00687DA1B6D056DD356EB4E5BB1E327F44B8BF25ACC75AF78E06891C057D5ED2D2959D25468AC22BE3DEFBCFCF1A4B495CE94B995D5D4B34A5E897049704B82FA9424152824712702AC1CF6F020D777CDC2F0F29AD4296196BB81DD1EDA6E9F6BD0563FA2D1F4A8CB7B0C5F8CB5FC352F2262C212C32DB28F25B4848F30C5526F1EB1D72E8511C0D601A9B8D8A34A2A5C7C467CEA774788A3DA3A3CD5242AB5BDACC6046E447976B92952C2D874790EA0E87B95F95584D4D18C729BCB76D28561BB9A307807DB1EB27D958C1ADD3C9E95F64ADAF31AB6BFDB9F2FDAFCBF6F96AEE24282971A4BACAD2E34AD42D2720D6CA499F39BFD1B73A3EA745730717C393F07B19E564A2280500A0140280500A0140280F1D71B6595BAF2C21A40CAD6780A162DEDEADCD55468ACD296C4432F57472E4E84A416E2A0E5B6CF127F595DBE8A1F5DD07A0E9689A5EF5496F4BFE2BBBFDDE86B68770500A014063CFF7AFDF1E8355EE7B3F3FB9156DC3AB42F78C4FA96FD515F15ABDA4FC5FCCF6D43B287822F5464A280500A0140280500A0140280500A02952B00EB80389AEBE88D115749D5C90D505B5F2FE792381ED0FB436DA0ADBA6ADD69CB763C64FE89717E4B598EB5EF683448E02BEAF69694ACE92A3456115F1EF7DE7E77D27A4AE74A5CCAEEEA59A52F44B824B825C17D4B7560E798D7695E076B90F838584EE23E92B4143AFA0AC7F5F7F4A8CB771C5F82D6FEC45766A3872E01C23298E9DE1F4B80FCEA3AAF2A3ED78E6798958502480751C4557327B9A02A0AAD4C05843ADA90EA50B6D5C50A1907CD45A81A0B8ECF0395DB958E9E65C3A7DD57B6A78D6F78D7034F1654CB5C950694E30E83E336B1A1EF4FE75334A4455A8D3AF4DD2AD1528BE0F5AFCEF5AC93DB2FF0016594B72808AF9D324F88A3D87A3CF5AE2E3B759E134A7B1AF5D5D1CFF00FABDBFFD5F1F07AFBD9B8524A78F4F03D06B64F31E12AD2A9466E9D55964B6A7B4A2B244280500A0140280501E3AE36CB2B75E584348195AD5C050B16F6F56E6AAA3456694B622197ABA3972742520B715072DB67893FACAEDF450FAEE82D054B44D2F7AA4B7A5F45DDF335B43B8280500A014063CFF007AFDF1E8355EE7B3F3FB9156DC3AB42F78C4FA96FD515F15ABDA4FC5FCCF6D43B287822F5464A280500A0140280500A01402805014A958CEB80389AEBE88D115749D5C90D505B5F2FE792381ED0FB436DA0ADBA6ADD69CB763C64FE89717E4B598EB56F68340380AFABDA5A52B3A4A8D158457E62FBCFCEFA4F49DCE94B995DDDCB34A5E897049704B97D4B7560E78A0237B6123C68D1127C905E58ED3A247A4D0FA27B1165969D5BD971EAAF2D6FE3822F6CF33CCDB82C8F19E56F9EEE02ABD57999EF513591CC1D86885DB7B8896974862684828713BE7792543811D4AE3C455558F49B48D63D23D7AB91852EC57289668976722AD76D94D871321BF18206782C7C5EF3A76D6CAA424F2F136556129B863AD1AC0A04646A0F0352121E83405E6128585EF9C10323AFBEB566ACC5971599ACEEC96B7D09E0AE0507B0F456D1938EE8646EE3637D80A5C6CC967A463C748ED1D3E6AB11AAA5BDA8D5C4B36CBCCA8184A15CEB1C0B4BD40EE3D15BB8FEE28690D1B6DA4A192E639B93D925E0FE8F15DC4AEDD74897118617CDBDD2CB9A1F31E9AC66C378F9DE95F652EACF1AB6FFDCA7DDBCBC63F558F9198410707435B1E4CF280500A014078EB8DB2CADD7961B69032B59E0050B16F6F56E6AAA3456694B622177ABA3972742520B715072DB67893FACAEDF450FAEE83D054B44D2F7AA4B7A5F45DDF3DBDC6BA8770500A01402805018F3FDEBF7C7A0D57B9ECFCFEE455B70EAD0BDE313EA5BF5457C56AF693F17F33DB50ECA1E08BD51928A0140280500A0140280500A02951D0EB80389AEBE88D115749D5C90D505B5F2FE5F04703DA1F686DB415B74D5BAD396EC78C9FD12E2FC96B31D4ADEE1A247457D5ED2D2959D25468AC22BF317DE7E77D25A4AE74A5CCAEEEE59A52F44B824B825F9ACB7560E78A03D4804804E0749EA1D268081CC75573BB38B4FF00C7737503A93C07F2158C72A3EE3A2ECBF41674AD78C56BF17ADFC4962425090940C2520240ECC69550E912A7049FEAE1B5B731A76199294BB1D491BECAF7CEEEEA81E07890AEF06A1D5D2ECD641ABA5D9ACCCD8EDB2BA58E3218656DCE809185C278E37013C10AC78B9EA20A7BABCEDE69556B773A3794DC62DF564970EF5C7CB5F71D07A1E9DE525568CBAFC5779BD7766F66F6D438F6CAC9169BC01BCEC07938493AEA51D1F49191D95D8A3758C14D3CF07C57E7C1EB3933957B4964B8473EBDDA6E36296235DA2391DC3E428EA873E82B81F4F655D84D4D66896A1521359A263B8A0961285270B07A47EF20D6E64B9124065052B4F88A39246A7CE2A3CCA4F299941EF17971D0EA77D8504E786381F656D89A291A5BA5A5894A25E4169F3C1D46327BFA0D490A8D19C331199F6D9304EF38379B07475BCE077F48AB119A998D713636DDA47D8096E6A4C968705705A477F4D32E1BA7034AFB3D67A4B19C964A9EF2E3E2B63F1D4FBC9343951E6B5CE4374389E94F0527B08AC297BC7CE34A684BBD18F1AD1C61C24B5AFE1F732E56E718501E3AE36CB2B75E586DA40CAD6780142C5BDBD5B9AAA8D159A52D8885DEAE8E5C9E09482DC541CB6D9E24FEB2BB7D143EBBA0B41D2D134BDEA92DE97FC5777FBB6F246BA8770500A0140280500A031E7FBD7EF8F41AAF73D9F9FDC8AB6E1D5A17BC627D4B7EA8AF8AD5ED27E2FE67B6A1D943C117AA325140280500A0140280500A02952B8EB80389AEBE88D115749D5C90D505B5F2FE7923CFFB43ED0DB682B6E9AB75A72DD8F193FA25C5F92D663A95BDA0D00E02BEAF69694ACE92A3456115F98BEF3F3C692D2573A52E6577772CD297A25C125C12FCD65BAB073C500A0306FF0027C16D2FAD270E3839A41ED57FEB343BFECD597EB348D38CB763D67E5B3D5E046F67590A94B7B1E2B49DD1DE74F454755EACA7D89759E62439A80D89148F041B0F154B84EB33CBB86E50490890DEF9DE0540E094F52B51C4542B1E936EA2158F49B75122D99B96CBDEEC70ECFB42C396F9B09B0D337441C0037B03796078BA9C6EAF2926ABDCD0734D359E32DB17F9F15AC8DBAD6F53A7A2FF003EA43532D299052F1295B0E2836FB64A4820901408394F0CE45706B682B8B29FEA344D47DF17C7BB5EA7E12D7DE7A085FD2AF0E8AEE3AB9FE6CF2F427B67DB875C862DFB5719BBD5A9C18E78A41752318CA93C178EB18577D6B6BA6A94E7D15CAE86A2E7BBF78F9E2BBCE7DD683943FBD68F15F9EA606D86C9DB3DCA37ED98BAB726D495A5B723AD5BCA68A941380AE238F92A191D75E92955963926B5F3E7F9DC7369579E392AAC190D7D95320A9277D03AF42056EE9A7BA5C8D5F78B685141DE6D450AE9EA3DE2B5CCE1D591BB8A99928948706E48484E7A4EA93E7E8A95352DD21941A2DBF14A4153277811E41D74EC3D35B2661488D4EB3B4F12B8C430E74A7E213DDD153C6A35BC61C4D2A9326DF2413CE30F0E0A49D0F71E9A9B54D1AB5A9C65B1FA3FB921B6ED2A5786EE69C1E1CF2069F7856B838EEEB3C7E94F646DEE31AB66FA39727BAFC38C7E2BC0DF29E65318C953CDF83246F1741C8C7B7B28A499E16A689BDA772AD2549F492D8B9F7A7B30EFD8432F57472E4E84A416E2A0E5B6CF127F595DBE8AD8FA9E82D074B44D2F7AA4B7A5FF0015DDFEEDBC91AEA1DC140280500A01402805018F3FDEBF7C7A0D57B9ECFCFEE455B70EAD0BDE313EA5BF5457C56AF693F17F33DB50ECA1E08BD51928A0140280500A0140280F14A09193E615D3D17A2EAE90AB921AA2B6BE5F76F822B5D5D42DA19A5ADBD8B9FF0005874E403F13D07B6BEB1656F46DA8AA36EB08AF5F17CDB3F3A7B4F0BFFD7CEA69079A52D8D6EB8F051E4972DA9EDE6ECD5B3CE0A01402808BED849DE94C46074691BEBFA4AFFD50FA67B1565D1DAD4BB96D9BC17847EF2F9191676798B7B7918539E3ABCFC07EEAAF51E667B648CCCD6864963E99A9E4CD85090CBB6E549014D14E1C61C0B380140EA0F1C2B51D1502C3A5EF205874BDE636C1DF5CB05E1F92986DCD69E8E587995A802A6C907C5C8C674E074355349DDD0B5A709567826F0C56BC1E18EBE3878161594EF318436AD64BE46C8ECEED7B6EC9D8A969B7CF48DE76DAF829093F438A3BD394D6D4AE65954F1CD07B24B5FC7E9B4A2EAD5B69E4B8441265BEE16190E47BA30EC37F5210BC14383AD27828768ACDE58DAE92865ACB3727B1AF3FA3D4742DAF274DE6A2F57C3CD14B6E3729B702B7D85BA025652480E007407F5B18D33C2BCEBB4D25A17AD6CFA5A3C9ED5E5B578C75734757A6B5BFEAD55927CFF9FA32E2E33896771B595A74C8571F31AEDE8DD2D4348A7D1E2A4B6A7C3CF8FE6A39B776752D5F5F6707FC18449048390A1C41E35D46B31593292460E7FF005513A5EE92AA9EF14075C6C14B6AC2482374EA3BC566353DE312A6A5D6898DA8D381153A789A33C712875B2DBA80B41E2950C8A2794C1A69B65232A84ADE1FF29675F31F6D4D1ABEF1A389AB6DD76395B4A4F899CAD9701C13D048E83DA2A46948C26D17036DBE7FB32B7567FE138464FD1574F71C1AC6386F1BA916540A5452A052A1A1046083DA2B26C280500A0140280500A031E7FBD7EF8F41AAF73D9F9FDC8AB6E1D5A17BC627D4B7EA8AF8AD5ED27E2FE67B6A1D943C117AA325140280500A0140280F14A09193E61D75D3D17A2EAE92AB921AA2B6BE5F76F822B5D5D42DA19A5ADBD8B9FF00058512A393C6BE9B6D6D4AD692A3456115F98BE6D9E5EAD5956939CDEB00F9C748A9E3269E689CFD21A3E8E90A0EDEE16AE0F8A7CD7E6BD8CA569C6A3507F955C84D4D1F1ED2BA2ABE8BAFD0D6D9C1F06B9AFAAE05BADCE50A02A05232A59C2120A947B050DA3194DA8436BD4BC5901529573B9A96AE321D2A3D89E3E81586F2A3EEB6768ACEDE9DB2D90587DFE389272474680680765562E1E66809149F011B0F1498CF47B929D003BBA4372DBDF39391E2A8A7B70A1D1A542B1E93BBE442B1E93BBE4676C96CFC7E7DA7B69DD76DB6DB8450BB7DC10A01BE74A8612A57920900F8ABC03D1AD41790A75E9BA538A9AC75A7F35C7CD197735293CD6EFAD1DBE06C368F64AF1B3B21121F42DF6193BCD5CE0E525AD742A00EF37DFAA6BCBFFD32E2CA6EAE8BA9E30971FA4BE123A7474ADB5F47A2BB583E7F9B0DC5BB6D99996F4DB76D2126ED04E3FB486C15A47429491C7E92307B2A7B3D3346B4F255FED54E4F771F17B3C25EA55BBD07568FF76D5E65F1FE4B176E4F932A20B9EC64C6EE9015921852C15A74D4255D3DCAC1EFAF41FA870EACD60CE6D2B958E5ACB020C56FC5796CB895A1C6CEEAD975242907A883A8AD69D2A30AAEBC6094A4B06D71F15B31EFDA746729D4A6A18E315AD7F05C2A6650DD58C2C7007423B8D5B5FF008955A68C1951DC6F253E3A0712388EF15BA66CA462027BC7574525152DE365268F1CCA80C0E1D158843233794F12D03521A95034305A95158968DD7D1BC47058D149EE348C9ADD0D6268A75A5E8E0ADBFD3B238903503B47B2A78D44CD1C4C6449DE404C84F3C81A039C2D23B15F91C8AD9C7DD30A5815167792571D5CEA13A90061691DA9FCC645631F78913C4B0083A8E159327B40280500A014063CFF007AFDF1E8355EE7B3F3FB9156DC3AB42F78C4FA96FD515F15ABDA4FC5FCCF6D43B287822F5464A280500A0140280F14A09193E61D75D4D17A2EAE92AB921AA2B6BE5F76F822B5D5D42DA19A5ADBD8B9FF000582A2A393C6BE976D6D4AD692A3456115F98BE6D9E5EAD5956939CDEB153918A000F9C748ACC64D3CD129E90D1F47485076F70B5707C53E6BF35EC652B4E351E4FA2AE426A68F8F695D155F45D7E86B6CE0F835CD7D5702DD6E728D6ED248F07B3B801C2DF21A1DDC55FCA87A7F64ACBF53A423525BB4FACFC762F89A0B033971D7C8D123713DE75351557FB4FAD44DD66A23619A025D21170FEACA200B65EB6B9253840043ACAC2D5A75281EDC11DA2A05874BDE40B0E97BCE85B0AD5D59D8C805831AFB6971808936B77779D64FC64215E4A86BFDDAF1D8AAA959C7A47FB5F32956719547FB5F3FCF9A217B3BB6377D9498EC14EFAE234B23DCE96082DA4A8E129E9469D1AA6AC54A30AAB371E6599D185559B8F3248CC2D98DBA529CD9F93EE3DEF197613A9012BE9277381FA483DE2B997FA3A9DCACB751CDCA4B6AF3FA337B7BDBAD1CFABAE3F0FE0D03CC5F362EE65D3CE4079C2073A9214CBFD87A15DC70AAE2285FE8B87F6FFBD4570E2BEB1F158C4ECAA963A59613EA54FCF5F9925F77767B6C1A446DAC8A883700375B9CD1C007E9714FD15645752C348D1BC5FF006EF5FBAF6F973F2D7DC726E747DD68E79A3AE1F0F3E47287B790771E4EEAF240EA3AF106BB791C3AD12553533D6E438DE8ACAD3FFC879EB78CD4B78D254BDD2E29A66502B6CEEAFA48FCC549BA478B8984F32B69402C71E046A0D653364CB6A413C479EB26712D1491DA2B264055015051CE41D680C39B6E6256578E69E3F1D03427B456D19B461C731A29516442585AC14807C575B2719EFE8A9D493236B02B8E5335E4B4E80890BD12EA460295D0143B7AC561ACBD6378C8C620824286140E08EA3C0D64DC500A0140280C79FEF5FBE3D06ABDCF67E7F722ADB875685EF189F52DFAA2BE2B57B49F8BF99EDA87650F045EA8C94500A0140280F14A09193E61D75D4D17A2EAE92AB921AA2B6BE5F76F822B5D5D42DA19A5ADBD8B9FF058512A3935F4CB6B6A56B4951A2B08AFCC5F36CF2F56ACAB49CE6F58A988C500A014001F383C45663269E6894F4868FA3A428BB7B85AB83E29F35F9AF63285A71A8E1E8AB909A9A3E3DA5744D7D175FA1ADB383E0D735F55C0886D749E72E29601F123A307E91D4FE42B73DF7B1B65D058BB896DA8F1FF00EAB52F578B32EDCCF3109A4918591BCAEF355E6F167AF46466B53265310DC700539E223B789F3561B3472250F26DD1B6398DC43B1A6A9C05455908928DE3E37EAACA787411502C6553BBE443AE550D5D8AF6FDB6E45FB74B721398039C0400E1CF92A49F148EFAA1A62B5C5B515568D3CF83EB2EEE7AB5AD7C57997AD6D68DCB74AB3C31D9E2741FF68EC7B4D1931B6E61B5125206EB7738D9484F79D4A3B8E5355347694A379FE2CB097B8F6F9707E5AFB8AD75A2EE6C1E6875A3F9B48E5FF938B8D9819B097EEB5B301C6A4C6D1D6BA778849FFE4827B85766172A7D596A6410BA53EACB53332C3CA1CB8F0CC0DA68E2FD685F8AA52D214FA4768E0EE3CCAEFAC4ADF5E6A4F2BFCF4349DB27D686A7F03692F63615DE1AEE3B073DA98C27CB80F3982D9D7C54A8F8C83F357A76D79FBED0F6F72F192E8EA7BC96A7E297CD60FC4BF69A6AB5AFF6AE166890894C29121C892D8723CA6FCB8EFA0A569EDC75768C8EDAAF0D2B7DA29A8690867A7C26BEFC7C1E0CE93B3B6BF59ED2795F2E1E9C3CB51AF7A22D1AB4723F555F91AF4B6F736F7B4FA5A32CCBE5E2B81CCA91AB6D3C95561F9C198E9492BCE4A163A781152E338780EA4CA9F2B590A560EE8C647E752426A444E0D166A4078A48340996968E91A50CE25B391C6B2646F501E3CEA5A61C5AF050949241D41EC2289666191AB4A0B971649F152825D511C001A9AB337951147696DD5F3AEADCE1BEA2AC79F344898A680500A014063CFF007AFDF1E8355EE7B3F3FB9156DC3AB42F78C4FA96FD515F15ABDA4FC5FCCF6D43B287822F5464A280500A03C5282464F9875D75345E8BABA4AAE486A8ADAF97DDBE08AD75750B686696B6F62E7FC16144A8E4F1AFA65B5B52B5A4A8D158457E62F9B6797AB5655A4E737AC54C46280500A0140280A5C752C34B75CFEEDB4952B3C30056D16D3EA94B48E8FA3A42DDDBDC2D5C1F18BE6BF35EC673E8E153AE214EEAA71C2E2FBB393ECABB279512DBD1851A70A30D91492F2256C477649CA0611D2B3A0F35556F02C39606C588ADB1A81BEBFD657E42B56C8DCB316A54E436A525B1BCE03824F007B68A26544DEDC173D5C99C254BE65EB63920290A6C96DE61614A182350B075D742381CD471C3A5797691A4BA5797698BB017566C77596ECDB7A2EF6E951FC1DF686EEFEE6F0567715A28E9C3233D06ABE90BAA56D08BA92C98BC13E18F7B5B177937E92ADDA71A5B63AC9A3BB256FBE4254FE4FA734F211A3B6D92B292D9C1F1413E3367B1408EDAE3DF689B6BCEBCFA937AD4E3B1F7B4B53F158336B5D317166FA2B858AEFDA682C77BBC6CADC1C8F0F9F84EA0EF3D6C9682107B4273A67F5D0707B6B9F3BEBED1B842FE3D253E135B7D78F84B0674A76365A5239EDDE5972FE3EC6A76D2F5E1FB48F5CA3C1F0369F6D1BCD9C639C00EF14A869AF989AF4DA3EF28DD52CD4A7992F55E2B6A39AECAA5B2C9576FCCD5DBE7B9166A675B25BD0A737C1D68EEAF1D4A1C143B0E455F71525965AD104A3AB2CB61D0A2EDBDAAFD09B83CA2406D25270CDCE3829DC38D1471E335DE329355276CD26A96B4F6A7AD3FA32AF453A52CF41EB22DB4ADB367BDC9B7C49899F19010E3324EE9E712A4838CA7438CE3238D73ECB4351B6B957747ABA9A71E1AF9715E0F1EE3AB2D2356E6DBA2ACB5F3E3AB998416CCA012B1BABE80743E635DAC329475C4B2EB0E35923C74758E23BC546E9A7BA4B1ABEF18CA4A482A07148CE69E591BB8A6B344B553911E1A1B142923FF005418969492387EEAC99C4D55F5EDC8C86468A715923B054B496BCC6B3660C6FD0DB643BC16FA8329EEE2A35BCBACF2882316B248280500A014063CFF007AFDF1E8355EE7B3F3FB9156DC3AB42F78C4FA96FD515F15ABDA4FC5FCCF6D43B287822F5464A280501E29412327CC3AEBA7A2F45D5D25572435456D7CBEEDF0456BABA85B4334B5B7B173FE0B0A2547278D7D36DADA95AD25468AC22BF317CDB3CBD5AB2AD2739BD62A623140280500A0140280D4ED52969B1BDB9F19684ABE8E75F40A968EF9896E917B24D620CC2E4A8E5F6D49DDF14E0A35E2074F7559A916D754D09B26E511C82A94C3A1C6138077742939C608E8AA991C5E59184B166BDF9AF3AAD15B891A8083E935B289228A8968A9121D4A5CFD1C8708487503CB3F393D3DE35ACEE8D86FEE28851B612302B763DCCBC9E75A0A506652779587003E2A8A7419182381CD451C6553BBE44516DD4EE23F09D750EAD7170A5213E30C809C7528D69776746F29F45711CCBE4F9AEF2D52AF3A0F3C1E0C9BDFACD76D949ED4B961F84B4801ABAC45108D4792A511E2FD158C1AF231B1BDD1B8CF474FA4A7C60F6FA71F18E0FB8BD4EFACF49AC970B2CBF38FDC90C7DB3837582881CA0C16A43293FA3B8C5411CDE830A5A41DE6FE92323B055FB1D2B6D7BFDB87526F5384B63EE4DEA7E0F0673AEF43DC59BE96DDE2BBB6962FBB0F29A89E1F6079BBED9DD0549E68A54E84E7A878AE0EEC1ECAAB73A1231A9D2D9CBA1A8B870F27B63E0F15E058B5D3B997437AB15CFEE73E7ADAD28297071CEA0E0254482D9E903F54F7D6F6FA7EADAD4FD3E938384B9E1A9F7B5F58EAEE2F55D1F0AD1E96D5E65CBF9FA335925C7F059781DF0778EF0C28F7F5F7D7ABA55A9D54A7078A7B1AD6BD4E44A9383CA6334A2DFF0077E28EA1C3F754CCD1998CCA07C55687A8F0F31AD5A30D1B28F3549C255E3A7A8F11DC6B4688DC4B4F2B9C756B1A051CE3B2B3819451593250680A4D0D8F38F6D0116BCBDCF5C1C09D52DE1B48EB3D3FCEACD35822393D6557101A5331470610127B567555623EF1325951895B19140280500A031E7FBD7EF8F41AAF73D9F9FDC8AB6E1D5A17BC627D4B7EA8AF8AD5ED27E2FE67B6A1D943C117AA32514078A5048C9F30EBAEA68BD17574955C90D515B5F2FBB7C115AEAEA16D0CD2D6DEC5CFF82CA8951C9E35F4CB6B6A56B4951A2B08AFCC5F36CF2F56ACAB49CE6F59E54C46280500A0140280A9969C7DF4311DB71D7967096D00952BB851BCA1BCBD69137B16C31F15EBE39BA3888AD2B5FBEBFC87EFAAF3AFEE956773EE17768EDBB34DC84DB5F62DC82FB7BA582AC288EFCE41EAC9CD29CAA6F448E33A8D66D6732DA6E4DE5C32B7EC2B5CD606A633980FA07CD3C17FC8F7D5EA774A5D59EAF912C6AFBC411979E8B214B694E30FA094A8608524F485023F911569A5244A6DE1DC987541124F8228F15B69DE68F694E7C5F369D9514A9BFDBACCA91B35A92C3850C68163C5789C97475A55C31D83CF519B2D66D97B4AF7FB248B23ACB41A61D0E34FF4E324A92A49E39DEE22A3E8BFB99CD3A359F395DAEC971BE4470D9A3E64C768BAB849006FA0AB1BC13D7FCF15973841F5F673359D450DE259B39B6776B23262AF378B601CDB90661C3AD698294AD43FF82F3DE2BC7434C4A855E8749D370970925A9F7B4B6F8C7D0E9DC685A5730E9ACA5E46E46CD58B69997A5EC24C4C2988D5DB5C9CA50839E84F94DF1E29CA3B2AE5EE8EB6D211556AEBC764E3C7C783F3D652B7D2775A3A7D15658A5C19168522F3B1F7A2DC7322CD394ADF7223A90A8F2874909F257F49042BAEB9DFA8BFD171CB70BA6A3CF8AF3DABC258AE4CEA4A85969559A93CB3253EEC6CD6D92D0C6D0B3FECFDFD5E2B731B50E6DE563401CC615F41601EA35D7A356DB49D0CB0FEE438C5EF47BF0DABC62F038B3B7BDD15533C76735B191FDADD8FB8D901F7563093041C226C749294FD21E537FCD3DB5CAFFA6DCD8C9D6D1751B5C60F6FDA5F091D7A1A5ADAF5285CACB2E7F9B3E440A6C5437214869D0E630470CE31A6BC0D7A5D1D7B52E6DE35A71CADE3AB960F0F12BDCD054EA3845E38713094929CE780D0FF00EEBA719265571712B6DE5A3B53D47F2ACE06B819ACC90BD389EAE9AD5A3568BD904646A2B06A786864A4D01665BC234575E3F112481D6780ACC56679462462D680B9895BBAA1A05E593D38F69AB337A8C456B2D2D65C714B5F94A2547BF8D098F280500A0140280C79FEF5FBE3D06ABDCF67E7F722ADB875685EF189F52DFAA2BE2B57B49F8BF99EDA87650F045EA8C94F14A09193E61D75D4D17A2EAE92AB921AA2B6BE5F76F822B5D5D42DA19A5ADBD8B9FF00058512A393C6BE996D6D4AD692A3456115F98BE6D9E5EAD5956939CDEB153118A0140280501E1200C93814049AC5B1F3AE212F4CCC188750569CBAB1F353D1DE7F75453AC96EEB20A95D43AB1D6C9CA235AF656CF2E536CF311986CBAFBA06FBAB4F593C4FF2155F1751E52A394EA3CB239DDFB6FAE7397B96C2BB6C60720B641797D454AC60770FDE6AD42DD2DED65B85BC23BDAC8ECC991AE8E6FDC5098F35D580A98D2728794481975BEB3FAC9C1EC3534538EEEC377170DDD86C9172BDECB3C98B74616F45077521C5647FFB6E7E47F756B96157AD123CB0ABD689B4990767B6DD92A58299C94FF788C224B63B47C71DF91DD5A465528F87C08F09D339C6D36C6DD2C416FEEF86DBD3AF84B093940F9E8E29EFD476D5DA75E13EAEC648A6A46821CD76324869485B0BF194D2FC642BB71F98C1A96514CDB13790A7C57509E6105A9B9C00EAF7B4E9E6D474CF7EBDB50CA0E3E06CA5EF1BCB46D04DD9EB989D6591E0F242775E0E2321C4E7C97127FF0047A8D433A6A6B2CCC4A9A9ACB236BB5FB6476965DBAE3E02980F36CADA92A49052FAB4DD283E51E078F0EDAAF2B1A5529BA359678BE0F87D9F818B653B66DD296BFCDA6243B8A56F34E738E3129B396DE6D450B41EB491A8F45797A9A22EB47CDD6D193C53DB07AF1FA4BE0CEF7EAA8DD43A2BD879FE6B5F224DB43B513EF9B24F5A6EE84CB702DB71898D8095A775409DF18D73C329C1EBAB3A374DDB55AB92B2E8A7B1A7BAFCDECF097A9CEADA16A5B4FA6B779A1F1FE7C885A6E2EB6953571690FB0BF149C0208EA23F2352DFFB334EA4FA6B27D1D45AD61B3E1B3C56AEE2D5B6956964ADD68FC7F9F3263B25B6374B0B286ED8FA2E36C48C2A04A592503A42167251F44E53DD5CF5A5AB5AD4E874B53C1F09AE3E296A978AC1F346B71A1ADEE974B68F07CBF3614EDB37B1F79B42EEB624396CBC21C42645B94036AC2C905411C0FD24641AF51695DD658C64A707FB96BF5E4FB9EB38AA1716D53A2AA882BACAD94932924A40C2548F2C7D21D1561D3F70B51AB8984E800E51E32319253D1DE2A586387584B0C7AA5391A11E622B7352FB525493E36BDBD35868C6065B6F2563391DE3F3AD7035C0AC918CE74EBA18345B4731012CC50B014A3BE4646481C34A96947F7066136399B62D5F1E42F747D04EA7F9D6EF5CFC0DE9A31AB26E280500A0140280C79FEF5FBE3D06ABDCF67E7F722ADB875685EF189F52DFAA2BE2B57B49F8BF99EDA87650F045D5282464F9875D74345E8BABA4AAE486A8ADAF97DDBE088EEAEA16D0CD2D6DEC5CFF0082C28951C9E35F4CB6B6A56B4951A2B08AFCC5F36CF2F56ACAB49CE6F58A988C500A0140280D9D92C53EF4ACC368258070A90E64369EE3F18F60AD67350DE349D4843789FDAF67ED5B3B1CCD94E36B71B1954B958096CFCD1C07F3355A55273EAC4A73AB3A9D589A7DB3DB4761C361DB0A997E3BE0855C465C434BCF90463C55F48DEF3035252A399F5FD0DA951527967ABB8E6C2E33513CCD132478612497D4B254AEB073A11D8463B2AD655865E05DCAB0CB86A2FA156E9EA489053687C9D5E6592E46576A9A072D9ED4653F34535C7BFE6699670DDD665DF447D9B92DC6B624487DC4071BBBB98507411AF838F2100702755E7AAB586357AD2F4FBFE60691FEEF5A5E868189F26329C5A1E2A4B9ABA87BF4887474EFA4E87BF8F6D4CE2A46EE28D926DA8956D6AE715D6ED8E970A5A65F74B61D381E332B3AE3A35D3B6B4CD95E596BFCE2699F5E5DA6DAD9B6132DF23C12FEC3A549E2E84E1D48EB52782C768E3DB51CA8A7D681ACA927D6895DE7636C9B48C2A7D95F6A2BEB392EB032CAD5D4B47C53DD83D86B30AF3A7D59EB23CCE3D591CCEFD62B8D89F0CDD6316D2B386DD49DE69DFA2AE1E6383D95769D484F7491352288573723A901F6D129A47929775291F355F91C8ACCA9E3BBA8CE26EE0CE624A160A8BBBC4A95BC3C648EA527B3AC647754328346712852BF4CB11F05849C6FACF8A0F61E9F35692A6A5BDB496351C4CF8B722D6EA5B256123C62AD0A8F5E2B95A434551BD596E23AF835B579FD196EDAEAA517FDA7E5C3F3C0D925C8B390493B8BC6B8C027B2B8308E92D09B9FDDA3CB97D579628BF3FD2DFEF752A7CFE8FCF591B6652DB2171CF349CEF0083A79CF4D7B3B8B7A75E0E955599779C5A55274DE683C19B78F7462516DAB83437F5085A46A0F024748EF15E46BE80B9B09BB8D1751AE717C7BB5EA7E0FD4EC42FE957874576BCFF3679171E88F309DF655E151F539046F81D3D8AF4D5BB0F68E9D49FE9EF23D154D9FF8B7F38FC57795EE745CE0BA5B779A3F1FE4D54B0D10DBAD1DC0BCAB23891D89AF4CB18F56472D33196A42D65494EE13D5A83DE3D95932524918DED33C08D41F3D6C0F428A4E41C1ECAD4C97DB7B7F79240DE48CE7A3CF58C0C12F8BB6B6EB5E2C175D9D833EC219683A52805F5A9480B53873E56AAD064100686A07426FAF19B4C81D073EBC5EB3DBBF2750F682DC2E9C9BDC5B9F11A46EAADAF2F0EB5AE7014AD73AF05E3B14690B9749E5ACB07CC46BBA6F25558779CBE4B0F4492EC696C3B1E4B470E32F20A168EF49ABA9A92CD12CA6A5D6896EB264500A0140280C79FEF5FBE3D06ABDCF67E7F722ADB875586A09B7C427FE4A303AFC515F29B0D1757495CCA10D514F5BE5AFE2DF05F43D6CEEA16D6F194B5B6B52E7FC0528A8E4D7D22DADA95AD25468AC22BF317CDB3CE55AB2AD2739BD67953118A0140280BF021C9B8490C4161C7DE3A94A07923AD47801DF586D2DE312928ACD227962D886182976ECA12DE1E37308C8691D3E31E2AFE42ABCEB396E952A5CB7B9A8C9B86DC586DD31B885E71F4A0EEAD511B0A6DA1D59C8CF7273588D09B598D236F51ACC731DA899759B21B95797C48616A2233CCA818A46740D91A03D6158575D5CA7182EAC7F92E52C8BAB1D4FE26B61CD9305F53B11E2D2D49DD580014B89FD55A48C2876106B67152DE249454965919188137FBB2D5AA51F8AAC988E1EC3AA99FF00E48EEAC6B8F7FCFF00934C270EF5F1FE4ACD86E6D32A917063DCE829212A9923C66944F00DEE13CE938D0274ED14E921BB1D6FF3D074AA5D58EB656ABE26259DCB3DBA336EDB9C74BCE99EDA5C5BCBC01BC120E1AE1A049CF5A89AC64CD3CF2DBDDF9ACC3A599E69BD7DC5AB6A6DCF32BF73A22D77C2A1E0F1A62C3AD1D7279BC8014BC700BFE75B49BFDDB08E49FEED86966BD2244C7953D4F2E603BAE73F90B4F610787770EAA91249757612C70C3AA6CAC45C94DA1139285D85A5E1D79F3BA864635E697C77FE6A720F48AD27D5DDDA6927EEED1190B8D35723656E0EBCB4E72D291CDBEA4F6A38383BB5ECA3EB2CB3465ECEBA24B69DB281716150AFEC34D073C5595A779870F52927C83FC8758A86545AEB408A545ADD357B49C9B21D4995B34F21391BC223CBCA143FE9B9D1DC723B6A5A777FB67EA68A5EF1CDE5C6936F9AA8F3197A2CB68E4A1C050B4F68F68D2AEA6A4B3475A36C4CC6EEAB712844D2B504E775D40048FA49E9FE46B474FDD3652339A4ADD4853290EA3A16D91BBE73D1E7AD1EADE24CC5F66473049DEE714463780C240EC1D3DE6A1952CDBBA8DD4FDE3D2865F3BD9E6944EAB6C0C1EF4FB2B5539C3AB236704F74B4F7F67514241420E817C4B83E97E553AD64457167BD0C92DAF0856841D41F3552BDD1B6F7A974D1C5AD8F8AF3FC458A17552DF71EA65D75289090B5AB9A7C8C1046723A0A854B9A707DC698296E98CB61D464AC0420715E723CD534669EE91C9389E0584254846A0F9456012AF356D8183C4250558515A0750E04F567A2B6063CF78B311ECA770A52404631AF0148AC5986F04481771B4A566DD7EB5A9F8C5B656DCE864225C72596F3C74711A790AF3542E33DEA6FCB81AC233C14A0FEC5B7AD53B67B7368766AF0897010B084DCA128B6E34492021F68EA827A8829345353EA4D60F93FA1BA929F526B5F2FB12C636E2C1B5F11AB772956D4A5E4A7759BC44494A9BED501E323B7194F581503A1528BCD41F910BB79D2EB507E447B6E79379DB39005E2D92DABCECE2F0A4CD608DE6D24E015A41208E8DE4E9D6054F46E9547924B0919A570A6F2CB53209568B0280500A031E7FBD7EF8F41AAF73D9F9FDC8AB6E1D3E29261C5CFFC86FD51546DE853B7A6A952582DBE6F6B7DE4CAB74C955C7362B6F0F22ED4C0500A009054B4A520A94A384A52092A3D4050130B1EC4BEFEEBD785AE335C4308239D57D23C13FCCF75413AC96E95A77296E6B2750624681184784C36C3035DD40E27AC9E24F7D576DCB78A929393CD2357B6367937DB22A1429BE08EEF859DECEE3C304736B235C6B9E9D78822B7A535079A48DE94F23CD81C5EED6E9B669422DD22AE2BA7C8CE0A1C1D6850D15E6D7B2BA11929ACD1D67421514F74A214E91054E18CB09438375D69690B6DD1D4B41D15E7D7B451C548DA5052DE3636FB5377E44D5D9D2DC2951101D7E33EEE23281381CDBAA3FA357CC5923A8D6B29E4C3371F5F42294DD2C232D69FA9AA5439A9B82601852BC3D4404C60D92B575103811F381C76D6F8AC3363A893A48619B1D46FA13F1367EDD3A05E79ABB19000F729A789622AC1CF38B741C073A30DE71D26A369CDA943577FF1CBC48A49D569C7577F135D06D2C5E6634C59E73319E715BBE0D737370A0FCC740C383B084ABBEB673C8BACBD3F351BCA7382EB2C7C0C57A4B1649AFB16D4976E31DC534E4E7D382DAC120869BE08FA4AC923AAB7C1CD75B672FB9A28E7EB48B0DDDD6B750ABBB0D5D9941CEECB24AC0E9DD5F11DC723B2B393DDD46CE9AFDBA8CEBEC39F7265ABCC64B926D4E82A8CD2000B8C8070521B1F1463CA4020F135AC1A8F525B7E6690928F54D25BE2BF717149828E739BF196EEF0436C8FD652C9C27D35249E1BC48E691B8B84EB53D1588F33C227CE4643B748D846F0CE802543F4A070CAB04F5D4718CF1CD1D4B97E6C358C67E1DC2DB70B9ECFB4645B243736D414378004B493D4B4794D2BF9769A4A309F565A9FE7A87153DEDA4B58BA6CF6D9C5442BA3084C8F88CBCAC2D27ADA73F2FE46A0CB528BCD1FCF1209539C0866D3F27371B6EFBF672BB8C44E496B00486876A7E3F78D7B2AD52BB84FAB3D4FE0614884C77DC61D2B61650B04A558D3BC287E46AD358EF1B626C23CD69CC2578617DB9E6CFE69FE62A37066EA667A901929E7485AD49DE4A107C5238649E9F3546F59BA639E70E72A0A4918292014E3AB14C0C6056D252A42CC64043E9C672A2703A81E8A3FFC8C98E55B8A217942C6A42B4359C3302F36E2F00BBA3278850F2C760FCEB45051DD1293651BA951FD0AB733F11674F31ADF1015869C29F29C1C49E03B87E75906B2F2F15361B2A2700A8E75D71815BD34473674ED9ED9BB45F62CE5CE4B8658E61AE71B590A64783B65252386BA939E38C552A956706B2ECD7F334E92704B29069D65B84193766B9875D45BD6112DE6524A129392852C0F8A78827406AC2A89A5DE5A534F0EF30A3A50EBCCA54E0421C584974E08482478C75E8E3C6B664A760E44E14BB6ED6DDF662E0A6DFB5CF80B7D4D2092DAF509DE03A0A92A208E9D353C6A85DC94A9AAAB6A673EEDA9D35563B51C3CA034B71B4E4A5B5A9033C7009033FBABA65B1402805018F3FDEBF7C7A0D57B9ECFCFEE455B70E9D055983142B8F30DE3FF0011A56654F18A94769F30D07ED0CF4657951ADD6A3293F18BC7797D571F12F5563EA709C2AC14E0F345AC535B1A143637B61D979F7709771E0B0CFF00C7741CA87CC4F13DFA0A8E755408AA56843BD9D0ACB64816647F636B2F9185487305C579FA0760AAD29B9EF14A75273DE3639AD0D466B20501626C58D3E22E24E8ED498CBF29A7521493DB8E83DA35ACA6D3CD109E1BA4127F26B090E3F221489AEB286D4B6EDDBE017578C86C3DE5049EECF6D598DCBDD97AFF000585733DD97A9CE6E7324BE7C065B22222328E2DC86CB4864F4928E24FCE5649EBAB518A5D6DBDE5CA715BD1F5367B2B7BBDC77556AB4A1D9F1DF6D48760649486D430A2179FD08C13E36401D46B4A94E0FAD2D5DFF9B4D2B429EF4B53FCF52DDD367A33539717662E8CDE9B6FC54B08C25F03A923012F63AD073D9598D4CCB34D61F2FE046ABC335558169FB2376D4A4ED429E8CB5A42D36C631E14E273A15A8F8ACA4E389CABA85654F36E6BEFE1FC99551CFB2F52C5E6FC2F5354EDCE04708C04B662E50F349C6803873BFDCB041ECADA10C8BAACD552C9BACAC438312CFEE9400BBCBC97375C0FB042210C64296D0277F3D04929A666DE596AFA9AB6F1CB3D469644D91325098FC975D7F429777B053D5BA470ECC62B751496525492594DFC19523692D8E42BAC80C408A4BDEE9EE00843806025CE01CCE7A3C61C6A37154DE68ED7C3EC44D283EAED3502CF7075C4A61306E085AB750F42CB8851EA27428EE562B7CEBF76AF137E91477B51996F90C6CDCC3243CDCEBA250A6B9964E633408C10E2FF00E29F9A9F141E935AC9748B2EC5F1FE0C34E7BDA9186E3B02E255E10DB76D904E438CA498EA3F391A947D24E4758AD926BBFE66FAE3DE6FEDBB5378D9C7188F7769732129214D2CAC12A4F429A7782C761FE5514A942A75A3A991CA9427BA4866DA766B6F585C9617CDCF4A7C67D9010FB7F5883E58EFF31A8A352A50EAF0F815DA70DE399ED46C7DDB67379D92D893001C0991C1281D5BE38A3CFA76D5FA55E157776F2329E268E3CA7194EEA70B68EA5B5EA9EF1D5DE2A471C4CA781B488F31232038E25606432AC02A3D415D3E9A8E5168914F12E15952774009424F9006003DA3DB5AE06E56DBCA0A424A43B83A208C91DA3AA8D18781EBCD92EAD4DAC3DA9240F287B688265A4A4A8640DD40E2A5E40F30E9AC8C4B85C4A9094293BE94FC6568AEF1D558C0C9A2904C87961193BE4A539E38E8A9D755106F3270A9976B35EAE173B334E2E2C76A3B5295CD95B4125A46E87074703857475D53CB09C5465B759346307151919BB197D4C9DA3B85C2E1323C7B8CBDC532BE74C6248046EB6F6A8469BBE2B895217C091C6B5AD4F0828C56A5E7F0FB6B46B5A1D4518AD4BF367D8DD5FB64A0DC5C9050DAEDD716815BCE3314A02463CA9110125209FF008CC1520F1205430AEE3DEBF363FA3D6470AEE1DEBF363FA3D667721B6A9D67E525716706FF00C296E47536F075971B2E270A6D43428273C31AE722B5BC9C6A52CD1E62EE71A94B34799CC459625EDD90E6C5CA765480A5A9CB1CE504CD46092A2CAFC97D3C7006178E8353C6E274BAB5767321A773386A9EB4479A750E83B84EF024292A04292738208AB8A4A5BA5E84D4F74B9593614063CFF7AFDF1E8355EE7B3F3FB9156DC3A4C4F78C5FA96FD515343711F08ADDACFC5FCCCA4AB3A2B8FF00AD0D69529E3D68ED3D27B3DED0CF464FA1ADD6A32F58BF7A3F55C7C4F43A63A83DCDA1CE688739B5F05EE9CE0F7E2AA61FB4FAB4670AB05383C63258A6B635CD1D5B6736AAD9B4A3FB0BC51331BCA86F603A9FA23828768FDC2AA54A33A5BDB0A13A6E1BC6EAA3353CCD00CD01E6680F3340799A035B7EB15B2FECA1176881E52346DD492875B1D4958D71D9C3B2B78549C374DA3370DD201B7BB3973810F99D9F8B8D9B4B6953B1A264B85C19DE71E1E53BD87240EA156A8D4837D77D6FCD9C8B342AC31EBEDE67380A43880A490A467423A0F655A2F1B45DD533D2DB77E4BD294DA036DCD694049653D0924F8AEA467C95EA3A142B451CBB9E9C3F822E8F2F5A1ABE454DD852E4597703758ABB5444738EBB1D24BF8C818E655E41D78925238E4D3A4D91C35BFCDA472A8E2F2E18331BDDB762B458B185DB232885294DB854F3C7180A71CE9EE00015B64C77F59954D7EED65CB54AB4CAB94717F8056A75C08E762A8B61D59200E71B1A2B8EA53BA4F4834929A5D466250715D5651B531EF10E5A59BEB61B434A2860358119033A06C27C54F71C2BBE94DC1AEA7F229CA1FB4C5B1AAE62E2556253C998DA7796B6D41296D3D6E28F8A13F4AB69A861D7D86D36B0EB19B7666C8EB8D8B7CE43130A017FC42612DCF8DCDAFCA40CF4E0A7BAB58B9FEE5ABE26B1CEBC3E25326CC8B3B11A45FD457E140AA34486E825E0319529E19094EA3C9CA8F6514F3F561C39FD829B9F563A8A1EDA4B83AD371CF8326DAD2421BB77320C74A0701BA7C6CFCECE7A7359E896F71E7C4D95351F1E65CB5DB957696A73664C88D748EDF3C6273877827201534EE99193E4AB5ED35894B22EBECFCDA252CBBFB09458F6FDF88FAA16D446710EA3C55BE96F0B48EA71BC6BDE38F51A8276EA5D68114E82975A05DBEF27D67BFC6F74766A4330DD772A05AF1A2BA78EA91AA0F77EEACD3BA9D2EACF5FCC83171796472BBE59AE36296235DE22E338AF2147050E8EB42F82BD3D957E1521359A0CCE267589265A1C5493CE06884A77B88D32727A4761AF39ED0691AB67D1D2B7795CB16DFC305CBC4EEE86B3A7739E75562A3A9237ACDB7C2D0EB115B42561B5BA4F0184249393E6AE068FD2974AEA19EA39293C1A7AF53FAF81D5BFB3B685B4E59126B661CC8F2560A50B49D0E0A71C4F562BDFB5ACF2B8990B56FB61324AC2D27C529C12063A6B5FFE260C498A5331D4AC850578A9527867B47456D1EB33127A8D6B6B11E3CA947FE0344A7E99184D6F51EA238BCBD6E44E367EEAEDA36B99705E5DB430EC6650F494B7CF20FF00674639C6F82D19E3D20748AA73867A5B313750CF416AC493ED1ECADAA721B913110F67A54AFEEAE51097ACB3493C4A86AC28F51C0FA55153AD35D5DEC387EE5F734A75A6BABBD870E2BEE681C99B45B0D2235BAFF0D4FC14282E2B4F3A7753A8F1A24949DE6CFD138EB4D49929D6EB41EBFCDA89B253ACB341EBFCDA8937204629E536E2AB7F84886613AA684920B89056824288D339CEA38F1A8AF71E8966DA457B8F44B36D380A94A4CA716852DB710FAD685A090A4282C90A49E823A0D5A2B604B76AD46FBB3B6CDAEDD08B8392156CBB29B0121C928405B6FE33A29C6FCAE00A91DA6A0A5D49BA7E68D21D57948FC494A7161B74654AD02869AF6D5C8C8BB4AB393CB2336B72C18F3FDEBF7C7A0D57B9ECFCFEE455B70E9313DE317EA5BF5454D0DC47C22B76B3F17F32F71D2B6222EA5414010A42C6A3781041EB06AB4B0A8B1C1C5F27B4F5FA134D54D0D59DA5679E8BE58EAC7F7471C1B5CD61AF86B2352ACF360AC3D6959951D2ADE4C752F75E64FF00D35E75EC075EDAD54FF6C8FA641E6829D279A0F67F0FE8C996C872A4FA0F835E439390DF8AB594EE4B67E9A4E37FD3DA6A1A96C9F5A1ABE446E9427B9A9F23AB5AEE50AED0C4AB6496E4B1C0941D507A949E293DF54E5170796457945C7AB232B35A983CCD00A02A6D0A75C086D254B3D091934306E215980C2A61DE3FF2D074F39F6546E7EE91BA9EE99CEDBA2B8900341A50F256DE8526B552668A6CE77B6DC9B41BAA9C9684F82CD56A66C540C2CFFD56F82BBC60F6D5AA574D75787E6C2DD1B97138C6D26CEDD367160DCD8062A8E11359254C2FA813F10F62B1DE6BA14EA42AEEFA713A34EB427E26A1B7DD8D2112233AB65F4792E36704767FEB81A93052EAC8DE48C942E04E707867FF004D789F1A4466779A575953591BA7B51A75A6B1AE3BBAFF0039916571DD33AEAE27679F4B3651E23A801BBBAB0B5C9046541A5792D8E8213E3759AD62BA55D6F4E5E3CCD20B3EFEDE469234E7E09756CBDB8858C3A95E16874752D2AD15E7D7B6A471CC4AE2A5BC49EE6D1B96CBDBD44C1B080A56E5B5C2596A66A30F241D4750DFD3A8D4517966F6CBBF9771045E0DE5D6460C19A27A61781C9335446EB01B256AEA23A08F9D9C76D4D8AC3363A89B3C30CC6E623D0EC90A5C3B9A63DD96F800406D64B11940E4ACBA3FE27461BE1D24D46D39B528EAEFE7E5F73469CDE6D9F328B35A6D57799B88B9BD0BC52A111D4853CE100E10D3BA24E7181BC01EC349CE705B31FCE2849CE0B998326ECB5C7720C18FEE5C20AC3B19B279D5ABFEBACF8CA5761C01D02B650D79A5ADFE6C368C16F6D3C62E8E29B661CE8EBB9B19DD6192497D27A9958055F74EF27B28E1FBA3ABE5E66CD28F5B61BF76DB75D96B9B8E6CEDC912561016FC6694953C81804A5E63277B1C094E71D951668555D75F9DCC8D4A15575D7E789B75F28D6C9D62763DEACFE12FAC0FEC830A61DEB5051D518FDFD46B456D38CF341E046EDDA7D5644F6763449F78931ED611010EB61C6E349905C2A567052DAF009D0E7075EFAE4FB45693AD4615B6CA1AB5727CFC19D7D1572AD66E13D92F835F72613A21D93D9A97757213D3260CC7DF41296980E24A41503A91D671C7034AE0687D1FFACB85AF0CBADFD97793E93D22E4B247759CB624E086B9B75212B20279F4275F38F657D1251CCF31E7948C9DE1BA1591BAAE0A49CA4F71FF0046B4254CC1B82F2E251D4327BEA48223A8CC0BD2F9AB5B51C794EE5E5F760848A8AA3D6693D8A2492F594DC06411BCCC7DD27813CC379C1AD69EE16A87668916C74DB8DAA097AC73509E73225409003B15F19230B6FA323A45799D23A65DA5EBA1734DBA7AB2C96A6B56BC384B5F0DA74E3A329DE50538BEBAFCF2F912EB25E204B42AD511B8D6A71FD1CD9DBC12EDB651E931DD3AB2A39381C338F17A6BA54AB53AF0E9A84F3AF796D5DCD7DCE3DC5AD5B797F756B5C56DFB3455C862EDEE72A5735D9A3C98904DBD7B91E42F7D4D2B7D1BE9DECEA0281C1EAC54F779BA059B6E26976A5D02CDB713E7859FD33C7FEAAFD6356C80975B9871CE4A2F890319BE42502AD07F72E826A3CAFA65E0CC469C9CD781A48F112CA8294ADF58E1D0055A8C3297214543ADC4C9AD898C79FEF5FBE3D06ABDCF67E7F722ADB874989EF18BF52DFAA2A686E23E115BB59F8BF9976B62231DC8EB69D54881B8DBAA3971A3A36F77FEAAFE774F4D473A789D7A3A421569AB6BEC6505BB2DB2878738F38F0DB12B62433254A092B6A42345A1430B4778FCF81EBAACD7BC5EA33BDD14D55B79E3196C6B5C5F9EC7E0F5AE28B175B6C6B804AA7344BA81FA394C1DD75BF3FE5A8A6B47ACD1FED5DBDCE10BB5925CD7DBED8A356C3D79D9C9227467DD79A4709D0C61C48EA75BF8C3AF191D95B62A6B2C8F52A4A70CDBF07C51D3765394E873D96D17AE69ADED133A3825951F9E9E28F36477556A96AE3B8452A39BAD0D67434290E34875A5A1C69C1BC85B6A052A1D60D54203656FB5AE5212EB8ADC60F0C6AA50ECAD653C0D253C0DF4761A8CDEEB080949E27895779A89BC485B6CB95830280F4120E4501AE9F698F290E04A5085380A560A414383A4293C0D6EA6E26F19B89C6B6E792D69ACC8B26EC07493FD9D6498CE1F98AE2D9ECD4760AE851BBF7F5FCFF92FD2B97BB2393DC614BB64C312E519D8D246A10E0D143AD2AE0A1DA2AF45A6B3475A2E464A7BA790E6BF0D2E21A285B0EFF7B1DD485B4EFD241F48C11D7471CC2514F78DD5B5FB5088E2ED71511B6837D3CC786BA1D61233E37345630973AB7F3DF51C94F1EB6EF77D7F822945FEED68D04D54933A47BA3E11E1D9CBDE139E773D6ACEBF97554AB0C3ABB0962D35D5245B21367C68C552A42D8D957429990A794421692082963E315EBF134EBA8AAC549FFE5F9B48AA6127D5DA6A556B624BA51B3CFB9352344C57D01A938E8DD4E775CFBA41ECADF3E5DFD5F2FE0DF3B8EF975EB3356D006D2975971490A4DB19C73EB4F41715E4B40E3B55D40514F36E7AF0FE4C29B9EE6CE65DBB6D11BDCCE76F30232D0004A1517F44FB491A001CD77FB96083D9588D3C8BAAFF003F39054B2EEB33262930ED8646C6A24780F36133E6EEE66B6B39F11646ADB647028D0EB935AAD6F2D5DBC170FF00DF89AADBFDDDBC391122E861B43EC2F714950536E21582939D08503C6A7C31EAC89DBD45216ECC94FC893237DF502B5ADCC953AAECD38FEE159D8B2C4D120A4850C28646723B0F58AC2781B979D7A43CD043F2E538D246371C90A5271DC4D60C28A3612362AEA767A1DEEDCDF87C07DAE75696012EB1A904291C540638A73DA291B8867C92D4CA53C233712351DF53795B2BF155A11C42BB08A9DACC613CA54949912529C60B8A03038014DD416B66B2F2F091224AD3E400509FA2060555E269378B3BDEC6A2D974B6CCB3CF4C692E9532F188E797BA63B585A471E8E29D4554A99E184E26FAD2528916DA7D949367BB3CBD9E4CD90C311C4974A30B71841511A81AAD3E2EA7071D3D75BCBA2BAA5D15C2524F83D9FC32DD0B8716A58E5646EE17255CE3B09792DAB733E32382C1C7479AAB68DD114B46D4A92A2DE13C353E1863C78AD7C4BF71753B84B3ED89D1FF00A39FC3B9BFF6D5FAE8A9EFFB35E2726FFB35E271C430D34E3A5081BDCE2F53A9F28D74145449634E11DD449E17FBB1BEFF00DEA17F92ED44FB65E0CC3ED978323953120A031E7FBD7EF8F41AAF73D9F9FDC8AB6E1D2627BC62FD4B7EA8A9A1B88F8456ED67E2FE65DAD8885014488ED49090F24928F2169252B47D15747A3B2B0D265BB5BDAD6ADF44F53DA9EB4FC56C7F3EF2C05CA89E5832981F1DB4E1691F391D3DE9FDD504A935BA75632B3BFD5D9CF937D57FFC65C3C25E522FB2E32F80FC677754AE0B6CE84F6D44C9685CDFE89A9D46F56D4F6FA6C7F98335D2EC28952F9D8A7C0672FF00E3B20736E9EA71BE9EF1AD33381EDB4369DA7A4E7D164CB536BC3660B6E2B81936BBB5FF006317BEA2844351056B6F2EC470FCE4F94D1EDD3BE9254EB6F6D3BF249EFAF33AEEC6728D0A796E3A9621C95EA233EB05A74F5B6E7E4707BEA955B66BAC56AB6FFB8E910E73328EE24943C38B4E687CDD7551C5C4A928B46556A6A280500A02C4D407232D2A01493C411907CD598ED32886DFF65E1DD222D875869F60EBCC3C3201EB4AB8A4D5985570798B10AAE271DDA7E4E26C1716BB29724A06A61BC407D23E62B839FC8F7D5FA7729EFEAF91769DC7BC4096085B8DB895A5683BAB6DC490A49EA524EA2AD1693C774D8DBEF262F309B8448B7484C1CA589A321B1D3B8BE29EED53D95A3863BAF07DC692A69F71B5DA2B4DCEE6966FEC0765C39882EB0C2B024466F240406BA5031A140C11AE2B4A73847A9B1AF47E7F72384D47AA682DD6F93740E2A2A1BF076B05D92FAB9B619EA2A59E9EA032AEA152CA4A1BC48EA246E6E972B44A890E24A6E65C25474736ABC36AE69D58C9C25285677D09CE06FE09ECA8E319A6E51D4B97E7D0D2309E39B6771662581B7604CB939768CBB44346FBAB8C9264919000E6558DC3AF124A471C9ACBA9AD470D6FD3D43A8D7570D7F02CFBBF222B258B085DA6215051E65E2A79E38D14E3BC55DC3091D559E8D3EB4F5FE723654D6F4B5B326DB7A805A9A8B95B61A2749694D22EAD47056D150D54A6BC95769480AE9D6B5941EACAF572FE4C4A93FDBE846A74372DD2128538CB88290B6DD61C0E21C4EB820F1E8C104023A454EA598D933D072011D358372DBF9F17F57ABB6B2833B1F22F26639B34EA5C90D2A2467CB6C369490EB4AD14A255FAA77B41C4573AED2CE53B84B39B5DA9D81B46D3B85DDCF00B9ACE04B8E91859E8E711C15DFA1EDAD695CCE977AE44099F3C4A90A812A5C6090A92CB8B60B89565008241527AF38D2BA32A99D754D94B29A7787E856071DD381D3C2B44687D07B3166B75E6D12189ED05C861D6D4971B5F36FB1FD9DAC292A1E3278771AA939CE0D65E44D99C12F035D7F9773D9ABFA645C12BBDC66A320786A42A3C98C82B5841E7D1E42F3BC327C558D142B78461561963D5F97A12462AAC32C757E7228BC9D96BFC45DC5E9A98EEA9612E4D6A386E4B4A51F17C2A2A7C5753FF00559C1EB158874B49E5C31FCE0F878310E9693CB863F9C1F0F066EF90682BB7728F718CB91164816B2B4BF15CE71B712A5A30A49FC8EA2B4BC966A4A5DE69792CD494BBCE2A7CB73EB15EB1AE99689241FF007637CFFBD42FF25DA85F6CBC1913ED578323753128A031E7FBD7EF8F41AAF73D9F9FDC8AB6E1D2627BC62FD4B7EA8A9A1B88F8456ED67E2FE65DAD888500A03DE072388E0680B0F426DD70B8DACC790AFF008AD8052B3D4B49D15DFC7B6A3A90C4EF68BD274E9E16F7CB3D1FFF0050EF8BE5CE3B1F0D658724AE380D5CDA42104801D0496947A3C6E293D871DF55B0F74F4375A0EE2D1ABDB1A8E51DAA51DB878715CFE28D83129F67FBA597938C1438405E3A81E07B8FEFAD5A522F587B56E3D4D211D5EFC57FBA3F55E86B9FB44295CE2AD8A109EF29C8EA412D28FCE6F8A3BD3A761AD949C378F5D4674EB5355ADE4A517C56B5FC7E6A36F61DB4BC6CEADA87736952626775B69E5E4E3FE93DFF00F13FB85693A30ABD68EA66274D4BB99D9764F6DE1DE1AC4678C8524656C3984C868768F8C3B467BEA8D5A0E1BDFC14EA50712631A43529BDF6161691C47023BC5576B02B34E3BC5DAC1814052E0050475D64D8C15375B620C69311B928DC79B0B4F4758EE35B2794CA96073FDB2D95B4DDDE5372D3CE3C84E112DA212F347F54AB82BB8E47755AA55A70DD2DD3A8E3D639B6D3ECE2362ACE8B9C567DD6901DDD3265B692DC4E010A0D6774A89D3795903AAA4AD79929CA72D5870E6FC4B11A9D23CB239E2AEB325DC7C2E7C975F92B5825F5A8EFA4F410AE23CDE6AE5DA694ABD2A855D717AB0C3663C89E2F2F578139812A56D4D994C6D14B5B369824BCD5DD69186DEC6E86D4383DBDD9E30EBAEECA2A8CFA8B5BE1F9B08A5841F536F234AD6CEDCE53805AD845D5851C0930D40B63E9EF60B5DBBC0779A93A48477B578FE6B24E952DED4645B67C6D9A97E1701F6EE3770DA9A0EA01111A0A1850191BCF1ED38477D62517516596A5F1FE0C38B9EF6A46297ADB72513250DDA66124F3F1DB262B87E7B4356FE92323AD359D6BBD7C7D78F999CAE1BBAD189708326DCB6D331A0943BAB2EB6A0E34F0EB6DC1E2ABBB88E902B64D4B74DA3352F12882EC68B3A3C99911A94C34B0A719749097067504E6B1514DC1C60F07C1EDC0D9ACC5A755CE3CEAF1BA14B528000009049C0C7666B2BAA91945A7865B3D9AD6C8C9D1B9109850E5EE184B8E1521A9294363254412938D71D2389AA9791D922A5CC7648BDB69CA0982E3911C0E46746860B79E7D5F4D5F141FF59A8A9D15E268953A7DECE3DE0A5F79C7E41DC53AB2B2846812492719F3D5F8D3F78CC6866EB4CC86D942014A10003C7ACF9EB74B293C6296E93FD9E8C7698437EC7736EDBB6315A4C72C38E7342E0940C21C6D674E7374252A41C838CD55A8FA2C73AC60FE04529745BEB18FC8CC4ED75C6DBB44B1B5106643B8223262B8B8D869D4A4289DE2CAB2D3A83BD8293A1C65241AD25454E1D478AFCE3B5187454E1D47ABF3CD1AEDADB3A24A0DF367A2C17ECE13890F5B77821A70939538C2BC68F918CA754F483AD6D4A797A93DBDFF007E2494A797A93DBDFF007E24A3FA390C6DCDC7031FFD3564F7F388A8AFFB35E2457FD9AF138FFC65FD357A4D744B04960FFBB1BE7FDEA17F92ED42FB65E0C89F6ABC191BA98945018F3FDEBF7C7A0D57B9ECFCFEE455B70E9313DE317EA5BF5454D0DC47C22B76B3F17F32ED6C44280500A01405D4905252BC10A1839D411D44545529E3D68ED3D4FB3BED0CF464FA1ADAE8BF58BE71FAAE3E2602EDEA63C6B7AC3606A63B84F367E89E28FE63B2AB63EF1EFEF743DAE9082AD49E0E5AD4A3B1F8AE3F32844943AEA5894DADB909D5285E8B1DA850E23BBCE2B3B0F1D5ACAFB4255E969370C78AD71978AD9E4FD4BEF34B9715C8EEBE1C8EE0DD5A548014B1D44E7F9800D125896EBFB5F72A8E4749297192D6BC545FDF04695CB7DC6D6E25FB6BAECE65A394A42F7653278F8AA1E5FF0023524F53CB23D568ABD9DFDA53B9C37B1C577AD4F0E6B8A277B1BCA92F294DD14E480D9DD32994EE4868F538DE99FE47BEAB54B552DC2D4A9427B9E8768B1ED3C5B94443E979A90C2B41218D467A949E20FF00AC573E749C5E529CE8B89BF4A82D0148505A4F0293907CF51119ED0D4C49D258889CBCBC28EA103551EE15B45366D18B646E7DC9F9594A3F42D1F8A93A91DA6A68C52278C1234F214961A2B57929E00749E802B7448B59EAED71AF3B312989D19A9497D04A9B58C838390077634E9CD55BD4DD2928ED37A724AAACDB08740D89D9E832603D6FB7665B4B3CD6FAD4E73C5492921C04F8C35ECC1AF30AE6A665935BD58789D87421BD2D496D249CA16C4A156579C80FA9C61090A36790B25856E0CE18527C665635C1194F411AD7B3A170F1EB6DE7F7E670E8D6C5E5F8F1F338CD9AD33DF6177CD909FCDB0C2F9B79D96FA63AE312338715E4388C1E81D8539AE8CE6B72AAFAE25E94F0EA4D625ABCB3B3CF3E8459E52E33E1003AB5B644271CC0DE2DFC76D24E704829EC15983A9FBFF9FE4CC1548EF7F269E5C67E1BC96A5345A5A86F232410E0FD64281DD50ED04D489A96E92466A5BA6E76362DE2E0FB91ACEC224DBD6B025A24A41884675DF074DEC671BBE367A6A3AAE0BAD2D4F87323AD287EEDA750B7EC2D8603F21D85156B7DC42D2CAA5B85E0C65240290469C789C9EDAA52B8A925D62ABA9396F1C59D88EC365A4C8494BA4A9241EA4E067CF5D13367A4695ED5A91B779A1151D6B9CB1787925AD7331DC1FA3577511D024DC96ED042D9DDA17DEB997111A547E637DB4EF6E2B78281238E34E8D6A2B9A6EA43AA415E9B9AEA935DB89F69DB2B64A8BB3B6F8F7ABD4740536E2086E4B49E254CA080B780C60A4683A8D56A317466A537957E6DE4568C7A19ACEF0FCF81C633AA81C852494A8104149E904741AE916CA1F683CDEE9514F4829EBEDAC3598D670CEB29AF5A1E8A73C519CE46A09E83D86A3D702AE13A3E04F6C9CA2785426AD5B67085FAD89F15B2EAF76547D300B4F71D3A947CF50BA2B1CD49E57F066638379A0F2BF8336EAD9254A8F26E7C9FDC9DBBC32D94488A9FD14E65B571438D8C7389EEE3D46B1D365796BAC1FC09D575BB5560FE0483FA38A81DBABA2782936D58524820A4F3881823A2A2BFECD7891DFF0066BC4E3C38AFE9ABD26BA25824B07FDD8DF3FEF50BFC976A17DB2F0644FB55E0C8DD4C4A280C79FEF5FBE3D06ABDCF67E7F722ADB874989EF18BF52DFAA2A686E23E115BB59F8BF9976B622140280500A01405D4AB3E2ABF7FE46A2A94F1EB4769EA3D9EF6867A327D0D6EB5197AC5FBD1FAAE3E2512186A435CD486D0E2339C2BA0F583C41ED15575C4FABC654EB53528BCD0979A68C50CCD8FE2C4722BC8E83312A2B477949F1BCF83DB5BAA87167ECE58CA6E59353E18EAF22FC360C763756E979D528B8E3AA0015A89C938E81D43A056B2966798ECD2A50A3054A0B048C6BA5A225C961D7429A9691844A64EEBA9EC27E30EC345268DA5052EB7135B1675EB6565785875C0D8D0CD8892524753CD7576EA3BAB67926B2C88A58C7AB358AE6756D8DE53E3BC96C4E71A86B731890D9DE8CEF78F89E8ED1556ADAFBBAFE6413A199668EB474776F921C693CCA5A4050DE0E20EF6475A4F0F3EB5515345654D1AB512A515289528EA493924F69ADC90F0A41AD811F96F99971E61B49096D450904E3795D24FE554A9DFC255DD192C35E09F7F7F2EE2EFE99C2974BE649F671A2CA1C64AB2410AEC07A7156AA142ABC4DF468AC36F179B61A43CAE2B4A403DBAD5554A9C5E78A499A4AACDAC927AB91A8BEEFF00BA6428F8A1B4EE8E8031AD5986C36A7B0E5BB75B18EDDE2C44D91C8F1910D2A0980521B61C24E77811A05F4648231D22AED1AEA0DE7E3C4B74AAE4DE3968B3DD4DD3DCD16B9BEE8E71CC73473DFBDE4E3E76715773C30CD8AC0B7D2C30CD89D3B63F61FDCFB74867687C1A7A246EA840C738CB0A073BC15FAE78129C0C75D53AB7199F53577952A55CEFAA4D18650C30DB11DB6DA61B4E10DB6909420760E02AB378F5884D1DE36A624042C452DC8711E538A561A6CF6ABA7B87EFA92349C89A14B059E7A92D673A7D96A40DC92DA1D19270A1C3BBAABAD81F1AB5D25736551D5B6A8E0DEDC38F8F065A6ED707780F0649CE9E3A8E28D23A5FD51A5E7ABA77E915F4327945D8DB26CFECAB6B8E652E6CA9484B6E38E056EA4025400C0D3B753C2BCEE8CD2B5B485C384928C229B7CF1D8BFF0047D76A53CF159DFA6C39BB4C18EF21F8AE2D12104292B2A20839C82143549ED15E872912A586EFC4952769E25F3763EDAC475E9612128BB45094CC40C606F8F2242463A70AEDA855370ECB5773D9E5C8D12CAFA9ABB9ECF22CDE766A54084AB9417D9BBD902B1EE843C94A35E0EA0F8CD2BB1431DB5BC2AA93CB2D4F93FA73248D4527965A99A10411A6A08EF0454A4862BF050BC96B085751E06B470F74827414B74A6DF719D679CD488AFBD1E4B472875B5942D1F4543A3B3515A3F764B14459DC3A9358A3AC59796AB9B16F979B55ADFBE3ED86CDD02034EA86BAB8803C7233A6081D955DD9426FAADE1C82A14EA6EB7872399A53BA00C93D64F127A49ABC5C24B0BFDD85F3FEF70FFC976A17DB2F0644FB55E0C8DD4C4A280C79FEF5FBE3D06ABDCF67E7F722ADB874989EF18BF52DFAA2A686E23E115BB59F8BF9976B622140280500A0140280BA956745545529E3D65B4F51ECF7B433D193E86B6BA32F58BE71FAAE3E27A462AA1F5884E1520A7078C65AD35B1A14361400120E41C1A034B3AC0D29D5C8B5B9E01295AA8253965C3F3D1F98C1ADD4DC48DD3FDD1D4FE05CB0ED6DDB65642234902336B568C3A4B911D3F317F10FEE3DF49D3855239A4FAB35833AE6CE6D75B6F650C851893CFF00F8CF100A8FCC57057F23D954EA519C3BD104E938781203904823046841A888C846D45E970EF8FC710195840410EA5E5216BC807C61829EEE9A82BE8CA776B3E3965CFEFF0073A36B37086DC57236365E5022475133EDF352A29092A68A5CCEBC7008F454F0B7AF8659B4DAE3B31F15CCAF5ADB1ECBD09541E503665E203970319478264B2A41FDF8C561DBD4E45495B555C0BD79B9C09FCC396E92D49C0214F34B05207EA93D7D35C5BFB9AF4EA2A3471537F9F9C8B7676FA9CEAAD5DE6A949D6BB3494E34D67DED58F890CDAC5E5D83797BBB9BC777AB3A7EEA90D4D5DDAEF12D8771E517249E0C3782BF3FEAF9EB68C1B2485373DD397ED56DF2E4C83062A4CB904E130A192500FCF5F4FF00AE156A14B2F58993852EAC75B346CD966DC1E6E5ED1C9C86D414D4160E1B6CE74DE3D3FCFBEA58B58E589CFD3151D1B1AD5A6F5A5A977BD4BE66F5B1BEE655AF49AB33960B31F2AD1167FADBDA56FC1B58F82D6FE054B185F0D3AAB3078A447A5292A37B5A9456094A497863A8A67C46A7C6E62502A4818490756CF5A7FD6B55672CB51CA27D47D96A4E9E8AA59BF7667E4DE0BE4416E505EB7492CBE339D50B1C1C1D63F31D15661353598EF986B4A569DD5A42927A0D6CD1869359646459EE573B04F4CDB2CC7D879237494286549FD550237569F9AA0454738292CB258A23943565DE5F1F26481B95B3BB4C15E1219D9BBC13ABED214603CAD7FBC6F553049C6A9CA3AC544BA4A7BBD65F15F7238B9C777ACBE28D4DF2CB70B1496D9BA462D73A3799790A0B65F49190A6DC1E2AC60F41CF58152D3AB0A9BA4F09A9EE9AD5A52B4EEAD2149EA3523598CB49F56461390541614C2FB828E08EE351B87BA5795078F50C861D3B9BAFABF4C3882304EB818EBF356D17EF12D396ACB2DA4C76910AB16CBDBB66DE1BB717241BADC9B38CB0A520218655F3820952874150A869BCF375786C5F566B079E6E7C362FA915AB04C280C79FEF5FBE3D06ABDCF67E7F722ADB874989EF18BF52DFAA2A686E23E115BB59F8BF9976B622140280500A014028050179ACAF43D038F676D55BB953A34DD6AAF2A5B59EC7D92D2B7346E636308BA909BDD5B53E6BBBDEE186B0460E0F1AAF09A9C14E0F14F5A7CCFA9CA2E0DC65B50AD8D4500A02879B6DE656CBEDA5D65630A6D6014A8768A06B311F93617E202AB33816C0D4C192A3BA3EAD7C53DC74A914FDE22C8E1B9E8487667949976C2A897543D250CA7C68B24EE4968701B8A3E58EFC8EDAD276EA7BBA99138427BBA994A6FEEED1BEF4F9688D1DF52CA032DAB44A001BBC4E49EB3D35974BA2EAC49E9C722CA5C292388C67856A6E012381A0375B3D7262D76D981E6F790F4F8C1484601524214A59F36E0351CA9E69E6E38358FD082B26DAF027B3E6C483193265C86D0C2C05217C4B831A6E8E26ABA4E5D589563172796273BDB0E509A82D94A1C30D2A1E2A13854974760F8A3FD66ACC2893F470A7D69EB641399BCED0826495DA2D8BD4B6924BEF0EB51F6E3B8D4DA9779BE152A6F6A46F2D76D876A8FCCDBD84349230A5715AFE92BFD0AD5B6C963050DD329DFEED55BD2DF3CFFB59FF00F2AA7FF28FCCB71C71A9ABEE1E43D8AA59F4966F762FE3ABEA54BD5C00F77F3A929EE2387A6EA67BFAF25EFCBE65CAA52DACFB0E8EA7D1D9518728C7E463CE88CCE8CA62427283A8238A0F4107FD66B31938BCD12E105B9417ADD24B2F8C83AA1638383AC7E63A2AE426A6B344C18B5B02871B4B8428E4293C1693823CF586B31ACA2A46CEC9B4772B1C7721EEB33ACEE925E8129BE723B84F4947C457CF460D435292975A5B79ADA45387EE97AADBE66DC5B367AFC03DB3F7566CF217A9B75E1F21ACF5352B1823B16011453A90DF599735F55F632A738EF759735F63CFF62E7320B972BB6CE5BE3819E79DBA36E0C7CD437BCA51EC029FA85FB537E467A65FB537E478BBDDA7675C6DBD9464CFBBA4E97A9ED005AD7554660E437A705AF2AEC15A4A13ABBFA9725F564338CAAB519FA7DC8DB8A5B8E2DC716B71C71656B5AD454A5A89D54A3D24F49AB45B3CA014063CFF007AFDF1E8355EE7B3F3FB9156DC3A4C4F78C5FA96FD515343711F08ADDACFC5FCCBB5B110A0140280500A01405684EF923A3A4F55435EBD3A14DD5AAF2C63B5FE7C116ECECEB5ED68DBDB45CA727824BF36737B12325200181A0F4F69AF96E9BD375349D4CB1EAD38EC5F57DFF23F41FB31ECC50D014384AB4975A5FF0018F77C5BD6F8245A7787CEEBACE85D352B09745575D37F0EF5F55C7C4ED5ED8AB959A3AA4BE3DCFE8CB2410707422BE8D1929A5383C53D69AD8CF34D38BCB2D4D0AC98140280501A1DAC520B51105282E6F150510094A71C01F3D4D456B72329624526BEDC6E6D4E20AC2891E2E3206339A9F36522AD3E892243B3D7B88DB210A6C16CE85E6F248FA4927D151CE19BAD12253C7AD166EEE339B45B1E9109F654E2405275041D46462A28C35E5912464F123CBBF3FCFB4FBEA65A432147383BBBC414EF11D7838152F4692369E186691547BB5EEF8D21BB5256DB48CA15719593BA33A2503B3B3F9546D422C8A339CD65A4B05CCDAD9F67E1DB1C2F9DF95389DE5497F5567AD23A3D3DB5A3939124292875B6B3176C2FD22CE98E98AD052DECA94F389250900F0EF3DBD159847135AD55C374D3C4DB9792409B05B5A7A54C28A4FEE3915B3A646AE1FEE46F6DBB4D6FBA3E2330990890A49504AD0318033C7359A707199C2F6A6B465A2AA47BE3F33327CE4DB60AE4A91BF821294EF6378F566A7A91CEB29E57D8972FFAB28C76612C7B97FEF03250ADFDC5918DE4A558EAD01AD92CA8F337F2CF7355F394BE6CBE085242924290A190524104761AA07DD69C3253843924BD10A1B18F3A2333A3298909CA0EA08E283D041FF59ADA327179A2082DCA0BD6E92597C673AA1638383AC7E63A2AE426A68C18B5B01405A532924A904B6A57128E07BC5630347058E68EA294C729390E6EF5942024FEFA6BE632CF9975B425B490818CEA4F124F593594B29B46296E9550C8A014063CFF007AFDF1E8355EE7B3F3FB9156DC3A4C4F78C5FA96FD515343711F08ADDACFC5FCCBB5B110A0140280500A02B4277C9C1EF3D55157AF4E853756ABCB18ED65BB3B3AD7B5A36F6F1729C9E092FCD9CDEC48C94800600C0F4F69AF9669BD375349D4CB1EAD38EC5F57DFF2D87E83F663D98A3A0287BD5A4BAD2FF8C7BBE2DEB7C12AAB827A914052B4850EA5741AEFE85D352B09745575D37F0EF5F55C7C4A17B62AE5668EA92F8F73FA32C9041C1E35F458C94D29C1E29EC6B633CD34E2F2CB5342B63028050114DA47439735A73E2B2808EE3C4FA6AC535A8DE247369D4969E8D0C6AE32D95BF8E85AF184F992067B4D31CC52B99669E5E4699B5ADA585B4A2858E94F1F3D6532B7FE46D22DDA438F36CB8868A56A092A0920E3B35ACE24F4AACF3A8C8CF931CCA6D31D27754F3886C1EACA86B5993D45BAD1C6194E82CB2DC665B8EC2771865210DA47401C2AA194B2F56257407840520A540292AE2950041EF140462FDB231A5B6A76D484469435E6F3869DECC7C53DBC3AEB78CFDE20A9413DDD4C875B25BB65BC075E8E79E67285B2E6524646A0D4D17FB8E4DFD8C6F68BB6AADA4F0D9B561AF899179BFC89EB2E1484A529212950D13DC07FFE9ACB9B26D1B696FA320A95A470C76B7ADB7DFDDC96C474886A2E3315691BC54DA081D7E28A996C3E3776B0AD513F7A5F36422DF21762B948F0392B5C0E788532AF2148DEC64751D74238D433A6B03EDD62AA46D69D5ADAA4E29B5DF87CCE82A1BAA23A8E2AA974F280C79D1199D194C494E5275047141E820FFACD6D1938BCD10416E505EB7492CBE339D50B1C1C1D63F31D157213535D53062D6C0500A0140280500A031E7FBD7EF8F41AAF73D9F9FDC8AB6E1D2627BC62FD4B7EA8A9A1B88F8456ED67E2FE65DAD888500A03D0093800927801A9A194B13DDC5FFCB73FF1358C51B7472E4549694A3E325691D24A4802A2AD714A853756A3C22B6B2D5A585C5E5685BD08E69CB525F9C39BD88C8000181C3D3DA6BE5BA6F4DD4D27532C7AB4E3B17D5F7FC8FD03ECC7B31434050F7AB4975A5FF18F77C5BD6F82555704F522800C9190959078109241F3E2B6CAF901857EA39FF89F65323E43514AD04804A4A49E05408CD77B436999E8F97455B174DFC3BD7D571F139F7B64AE56686FAF8F73FA32C9041C1E35F4484D4E0A7078A7AD3E679B69C5E596A6856C60648D40C91C01E04F4668085CF8B3632244992CAD2100B8A7742807539CD59525FB4DA525183911493164331A3CA940A552F79C405E77D63232B3DE4E9D758C4E638B8A5297131A860B914EECA655D4B1E9ACA3686FA2636A683F76888C8C25C0B3DA1393F9527B19D39AD44CEAB1A0A01404C2C1C9F5D6FB688F71892E0A197C1294B855BC3048E81D955E773183CACAD52EE14E795A29BDF21B70BCB604A9B6F43E91843ED95EFA7B0F8BA8EC3457905C0827754A7B53383ED1ECADCAC52A4B6EA5129861C5B4A7D8048CA490494F11C2AF466A48CCA9B4B3703A8EC7F269B5FB43B0F6B9702E9676E14A8E16C870B8974367384AC849E1D86A095F420F2B4F51C6868ED1D0B97772A59AA6DD6FAB8F3CBB31F8771527FA3E6D72DE60BF78B11650E254A437CE8C8041FD5ECAD1DFC1F06756578E7BE2E71970AE73223AA4A9C8EF2DA514E70483A915BC5E68E63A519674A5CCC6AC9914063CE88CCE8CA624A7283A8238A0F4107FD66B68C9C5E68820B7282F5BA4965F19CEA858E0E0EB1F98E8AB909A9A3062D6C0500A01402805018F3FDEBF7C7A0D57B9ECFCFEE455B70E9313DE317EA5BF5454D0DC47C22B76B3F17F32ED6C44280501BFD81F86D65FB40F41A82EBB199D3D0DFE6D3F13E95AF3A7D3884F2BFF0002DEFAF6BD715C9D35FE23F13B9ECF7F9ABC1FC8E1F5E20F7428097F27DB20BDA29225CE494DA5A5615C417D40F923E6F59F30E9C76B4568C7712E967BABE27174BE955651E8E9768FFF00CF7F8F2F53B932D2196D2DB48086D23094A46001D42BD92492C11E0DB6DE2F69A6DACDA189B396D3264F8EEAF2965949014E2BA876759E8AAB79794ED69E79F92E65CB0B0A97B57A386CE2F92FCD88E0779B9CBBC5C1C9B70777DE5E981A2509FD54F501FCF89AF0B737352E6A6799F43B6B6A7694D52A4B57CFBD982B4EF0F9DD06BAFA174D3B07D155D74DFAA7CD7D571F12BDED92B959A3AA6BE3DCFE8CB24107078D7D161384D29C1E29EB4D713CD38B4F2CB534634F54C432955BDB65D742BC643CA290A4E3A0F5D6EB0FDC4557A5C3FB5863DFFC1AC6AD32674B4CABFB8DB896C82D426892CA0F4151F8C7F956EE7956581042DDCE4AADC3CCD6C5C1782FABD644B6F25891B48E37BE0F30DA5AC675071957A6B682D46B5E59A6682B6223D4121D688FF9A8F58501F6B27926D944BBCEA223E95EBAA5F503AD71FF005757991FEBAA9AEDA9E4F6C56CD9CB94E8A8941F8EC2DC46F3EA237803C456D4EE2729A4C9295DD49CD459C86AF1D21407D05C95FC01B4FD05FAEAAE5DC768CE35D76AC96544573E5EBD122FB7320E0F85BDA8FAC35D786E23BF0DC477BE4DD294EC2D8C2121291153A01815CDAFDA338F73DACBC493544407CCBB59F0B2F7F6E77D635D6A7B8BC0EED1ECE06AEB724140280C79D1199D194C494E5275047141E820FF00ACD6D1938BCD10416E505EB7492CBE320EA858E0E0EB1F98E8AB909A9AEA98316B60280500A014063CFF007AFDF1E8355EE7B3F3FB9156DC3A4C4F78C5FA96FD515343711F08ADDACFC5FCCBB5B110A01404836047FF007A59BB240F41AAF76D2A0F13A9A15377B4F05C4FA52BCF1F4D213CAFFC0B7BEBDAF5C57274D7F88FC4EE7B3DFE6AF07F2387D7883DD127D86D947B696695BBBCDDAD9561E74685C3C77127AFACF477D75F4668D7753CD3DD5F1EE395A5349C2C61963AE6F62E5DEFE9CCEEF0E3330E3351E2B696986D212842460240E8AF69182845463B11E027525524E7378B66B36A2FF1367AD8A97315951F15A69246F38AFD51EDA82EAEA9DAD3CF3FFD966CACAA5ED5E8A9F9BE48E057DBB4BBE5C9C9D3D7BCEAB44A139DD6D39F253D9E93AD785BBBBA975533CCFA1DADAD3B4A6A952D9F16F9B306AA960500434B94E7371DB71D7786EB692B3DC702BD1682D2F52CE7D0CD39537C16D5DEBEAB8F89CFD21670AD0CF8A8C9717A93EE7F46658D9CBE94E4592E647D995ECAFA0AAB4DF14797E969F35EA604B61F86BDD98C3D1D5C30F36A6F5F38ADD34F74D9352DD315F8B1A40C488CCBA0F1E71B04FEFC56710D27BC6B1FD99B33D9CC04364F4B2A520FA6B39D9A3A307C0D7BDB11054E3663BF39AC38920148707943A7159E919A3B78733ED71C2B867148F6DF7C0ABDE84FF64734032781A928F68BC49ADFB589F38E15FA8E7FE0AF65754ED9EEBD208EC5020D01F417257F006D3F417EBAAB9771DA338D75DAB2595115CF976F7FE3973FB5BDFE61AEBC3623BF0DC46D6DDB69B456D82C438330A22B09086D022A5584F46BBBAD692A34E4F34911CADA94DE66B5F8993FD616D67CA07F834FFF00D6B1FA7A7CBE26BFA4A5CBE246A548765CB7E54856F3EF2CB8E2B006F289D4E2A54B2ACB127494565896B0AE84387B42091FBF1593230AFF0096EFFE0AF6501E120024E80712680CD836AB8DC11BF02DD364A3F59A6144798E315AB928EF33594E11DE6918B7DB1494C52CDE2DF32336754ADD6148DC3FAC158C7B6B685458E68B119C27BAF139DDCA0BD6F93CCBF8208DE6D69E0E27AC7E63A2AF426A68C98B5B01402805018F3FDEBF7C7A0D57B9ECFCFEE455B70E9313DE317EA5BF5454D0DC47C22B76B3F17F32ED6C44280AD092B247EF3D42A1AF5E9D0A6EAD579631DAFF003E08B767675AF6B46DEDA2E5393C125F9B39BD89124D86013B6165C0D3C24779D0EB5F3BB8D355349DF538C75538BD4BEAFBFE5B11F75D17ECC50D01A32AE384AB4A3D697FC63DDF16F5BE097D1B5E84E0109E57FE05BDF5ED7AE2B93A6BFC47E2773D9EFF0035783F91CB763766A46D35C79A6CA9A84D10643E3E28FD54FCE3FC86BD59F33A3B47CEEEA7FE2B6B3D4E91D230B0A78BD727B17D5F77CCEF96D831EDB0998909A4B51DA484A109E0057B9A74E34E2A105A8F9F56AD3AD51D5A8F16CC4DA2BDC3D9FB639367AFC41A2109F29C5742523A4D4575730B6867992D9D9D4BCAAA952FFD2E6CE05B437A997FBA2E6CF578DAA5B6927296939F247E67A4D786BCBCA975533CFC91F43B3B3A7674BA2A5E6F8B7F9B0D6D532D1E7989274000C9278600ACA59B741D3B63B9372EA1B99B461490A014986938C0F9E47A07EFAF4F61A0D619EE3D3EE796D23ED060DD2B4FFF00D7DBEE74E81062406033063B51DA1A04368091FCABD0D3A51A4B082C11E5AA56A959E6A8DB7DE65D484659931D992C96A4B4DBADAB8A1690A07CC6B29E06536B61CE36BB9318B21B5C9D9C02249C126313FA25F60FD43FCBB2ACD3BA6B54CBB46F651EACF5A390BAD38C3EB65F694D3CDA8A16DAC61495751ABE9E63A69A975A27D07C997C03B2FD40F49AE657ED19C6BAED5928A84AE280501C4796DF85B0FEC63D755742D377CCEAD8F66CE85C95FC01B4FD05FAEAAA971DA3295D76AC96544573E5DBD7F8E5CFED6F7AE6BAF0D88EFC3711DD792AF80168FA0BF5D55CDB8ED19C8BAED592DA88AE7CB777FF0018B8FDA9DFF30D7623B11DF86E23E84D80F81565FB2A3D15CCADDA338D71DAB2404E064F0151109CBB60793D6D948B96D1470E495AD4B6A239AA5A19382A1D2AECE03BEAD56B8C7AB02FDC5DB97521B399D3D2908480900240C0034005552805A12E20A5690A41182143208A038E72B5C9D425DA9FB8DB18E6DA412E4861B1809EB75B1D04748E047F3BF6D72E2F2C8E8DADCB6F24CF9D2E505EB7C9E65FC107C642D3C1C1D63F31D15D884D4D17CC5AD80A014063CFF7AFDF1E8355EE7B3F3FB9156DC3A4C4F78C5FA96FD515343711F08ADDACFC5FCCBB5B1115A13BE4F5749EAA86BD7A7429BAB51E58C76BFCF822DD9D9D6BDAD1B6B68B94E4F0497E6CE6F62464800270341E9ED35F2DD37A6EA693A9963D5A71D8BEAFBFE5B11FA0FD97F65E8680A1C255A4BAD2FF008C7BBE2DEB7C12DEEC3FC33B2FDA47AA6A868CFF002A9F89DAD27FE1D5F03E8BAF7C7CE08DEDCD95EBFD905BD8712D6FBEDA96E1D7752140920749EAAA57F6CEE69746B89D0D19791B3ADD34963827ABBCDA596D512CD6E6A1406B9B61B1A0E927A493D24F49AB1468C2841420B0455B8B8A97351D5AAF16CCF512012064D4A428F9D36C6EB70BBDFA42EEA82C3B1D65A4462721819FE64E849E9E8D315E0B495CD5AF59F4AB0C387E7CCFA3E8EB5A36D6E951D6A5AF1E7F9CB8789A5AE797C501D1F922D9C44B7D77B98805B6165B8A950E2B1E52FCDC079EBD2682B24FFEE27C367DCF33ED0DFBA6BF4B0DAF5BF0E0BCF6BF23AFD7A93C7919DACDAFB6ECDA52892B5BD2D63288ED6AA23ACF401DA6A8DE690A568BAFB791D1B0D175AFB5C3545717B3F9216AE566473B94D99BE6B3C0C93BD8FF00C715C57ED13C7B3D5E2777FA623876BAFC3F925DB29B6D6CDA15F83B7BF1A701BDCC3B8C91D252782ABAF65A4E95E7563A9F238D7FA22BD8ACEFAD1E6BEBC8965744E51CCB962D9B44881EEEC44624C50049091FDE359E3DE9E3DD9ECAB76B53079197ACAB657925B19A7D95E522258EC16FB6396E94F2D84068B88520051CF1193DB5BD4B6739B9624B56CE5526E789D96A89CC35F7DB8A6D36799705B6A75319A53A509C65400CE056611CF25137A70CF251E6403FADE85F244DFF00CDBF6D5AFD23E65CFD03E68816DD6D0B5B4F78626B119D8E96D80D6E384127C6274C1EDAB3469F46B02E5BD2746381D8392BF80369FA0BF5D5542E3B46732EBB564B2A22B9F2EDEBFC72E7F6B7BD735D786C477E1B88EEBC957C00B47D05FAEAAE6DC768CE45D76AC96D44573E5BBBFF008C5C7ED4EFF986BB11D88EFC3711F426C07C0AB2FD951E8AE656ED19C6B8ED5920A888488ED6EDCDAF66DF115E0EC99A53BDCC3201281D05449C0CD4D4E84AA6BE058A36D3ABAF81A4B5F2AF6B7E425BB8429305B51C73CA295A476AB1A81DB8C5492B49AD8F1269D8CE2BAAF13A3A541C4852482923208D73554A252EB6875A5B6E24290B052A07811D54099F2B6D0DA1A4CA9D6A92094477D6D248E2829510920F763BEBB34E6F54E27A08CB3A52E673CB9417ADD24B2F8CE7542C7070758FCC7455E84D4D0316B60280C79FEF5FBE3D06ABDCF67E7F722ADB874989EF18BF52DFAA2A686E23E115BB59F8BF999084959D0E9D27A05695EBD3A14DD4AAF2C63B59359D9D6BDAD1B6B78E69CB524BF36737B12324000600D3D3DA6BE59A6F4DD4D27532C7AB4E3B17D5F7FCB623F41FB2FECC50D014384AB4975A5FF18F77C5BD6F82555704F526EF61FE19D97ED23D5357F467F954FC4A1A4FFC3ABE07D175EF8F9C0A02DADC4A1490A500A51C2413C4D631329365CAC9839C72A9B2BE1F18DE2DE8CCD8E8C3CDA46AEB63A7E927A3AC69D55C2D33A3FA6874D0DE5F147A2D05A4BA19FE9AABEACB6773FB3F99C7C104020E41D41AF227B43C59DD4295D409A04B333E90D93829B6ECDDBA1A0005B613BDDAA2324FEF26BE85674BA2A118771F33BFACEBDCD4A8F8B7FC19F70948850244A77C865B538AEE009A96A4D53839BE1AC829C1D49A82DADE07CD33A6BD729AFCE94ADE912165C5E7A3A80EC03415F3CAF5A75AA39CF6B3E9F4A8C2DE9AA50D91D5F9E258A8490A9B71C65D6DE61C2DBED282DB5A7428503A1ADE13749A9C75346B28C67171A8B14F69F476CC5CC5E6C106E1BA12A7DB0A524742B8287EF06BE856B5BA7A31A9CCF9A5EDBFE9AE274793FF00D19F2E3A25457A3BC32D3A82DA875823045594F06574F0789F2D2D931E418EAF2997B9A3F755BBF957631CC7A0C732CC7D58385718F3C47F6FFE05DEFEC8E7AA6A4A3BEBC49ADFB589F38D754ED8A03E82E4AFE00DA7E82FD75572EE3B4671AEBB564B2A22B9F2EDEBFC72E7F6B7BD735D786C477E1B88EEBC957C00B47D05FAEAAE6DC768CE45D76AC96D44573E5BBBFF008C5C7ED4EFF986BB11D88EFC3711F426C07C0AB2FD951E8AE656ED19C6B8ED5920A8884F96AE929C9D759D2DE3975F7D6B57FE4401E6000AEC45654A277E11CA944C6AC9B1DF792896B97B0F003AA2A53056C024E4E12A213FCB15CDB85854671EEE396AB26350158F9A76D3E18DF3ED8BFCABAD4BB347768F670F023F3A2333A3298929CA0EA08E283D041FF59A96327179A248416E505EB7492CBE320EA858E0E0EB1F98E8AB909A9A3062D6C0C79FEF5FBE3D06ABDCF67E7F722ADB874D8282B8717A0732DE4F40F1456D52BD3A147A4AAF2C5258B3E2346CEB5EDDFE9ADE39A7293492F17F0E6F624668000C0E1E9ED35F2DD37A6EA693A9963D5A71D8BEAFBFE5B11FA03D98F6628680A1C255A4BAD2FF008C7BBE2DEB7C12AAB827A91406EF61FE19D97ED23D5357F467F954FC4A1A4FFC3ABE07D175EF8F9C1AFBCDD22D9ADCF4E9EE736C34324F493D000E926A2AD5A3420E73D889ADADEA5CD454A92C5B3836D0ED4DC2F57C6AE21C5C53197BD11A49D19C1E3DAA3D3D9A70AF1577A4EAD7AAAAC5E096C3E8167A368DAD07430CD9B79F3FE397A9DA36336899DA4B3224A00448478921A07C85F4E3B0F11D95EBAC6F2375494E3B789E2349584EC6B6496B4F63E6BF36921AB850386F297B2DEE25C3C3E0A316D94B394A468CB87A3E89E23B74EAAF1DA6347F413E9A0BAAFE0CF75A13497EAE9F4355F5E3F15F75C7D4843DFDD2FE89AE29DD8ED3EA080B4BB0232D0729536923BB02BE914DE314CF95D5585469F36616D4B2B93B357461AD56E4671291D6774E9505E41CEDEA45714C9EC66A9DCD39CB6268F9B5B394248E900D7CF4FA6BDA555830280EF5C97B4A6B61ED9BF9CAC2DC19EA52C91E9AF77A260E169052EFF99F3FD3924EFAA65E182F444B2BA4724F96EEAE07AF735D4F92B9AB50EEE70D75A9C94E9A945E29F13D028B82CB2DA91F520E15C93CF91FDBFF008177BFB239EA9A928EFAF126B7ED627CE35D53B6280FA0B92BF80369FA0BF5D55CBB8ED19C6BAED592CA88AE7CBB7AFF001CB9FDADEF5CD75E1B11DF86E23BAF255F002D1F417EBAAB9B71DA339175DAB25B5115CF96EEFF00E3171FB53BFE61AEC47623BF0DC47D09B01F02ACBF6547A2B995BB4671AE3B56482A2213E525FF0078E7D62BD635D93D09E501DD791BF812D7DA1EF58D73AEBB43937BDA939AAE543E69DB4F8637CFB62FF2AEB52ECD1DDA3D9C3C0D3D6E4863CE88CCE8CA624A7283A8238A0F4107FD66B68C9C5E68820B7282F5BA4965F19CEA858E0E0EB1F98E8AB909A9A306B67FBD7EF8F41A86E7B3F3FB9156DC3AAC103C022048C0E65BF39DD1AD7CBF4DE99ABA42A747BB4E1A92F0D58BEFF923A7ECC7B376FA1A93AABAD56A6B94BB9EBCAB92E7C5BDBC12BF5C13D40A01406EF61FE19D97ED23D5357F467F954FC4A1A4FF00C3ABE07D175EF8F9C109E57FE05BBF5ED7AE2B93A6FF00C47E2773D9EFF35783F91C3EBC41EE8DC6C95FDED9CBC226340A98561121A1FF001119E207EB0E23F774D74347DEBB3AB8F07B4A3A42C617B45D296DE0F93FB3E27D0B0A5333A235262B81D61D485A1638281AF7709A9A538EC67CE6A4254E6E1358345BBA408F7380FC29880E4779252B49AD2AD28D58384F6336A35A742A2A9078347CF3B4D649160BBBD02565691E334E1180EB79D0F7F41EDAF077D692B5AAE0F670F03E8F63790BCA4AAC3CD727F9B0EC7C97DDC5CF652336A5EF48863C19DCF1F17C93E74E2BD6E89B855AD9735A8F19A72D7F4F74DF096B5E7B7E24C2BA871CE1DB7DB192AD339F9D6E8EB7AD8EA8AF0D824B049C9040F8BD47A38578FD29A2A54E4EA525D5F97F07B8D13A5E9DCD354AABC26B9F1FE483F3ADF4AD23CE2B8781DFCAC91EC9EC9CEDA494D84B4E336E0AFD2C950206EF4A51D64FEE15D3B0D1B52EA6A58611E7F639BA4349D2B183D78CF82FBF2477F8AC371A3B4C3080869A48421238000682BDBC62A09456C3E772939B7396D66A36CAF09B26CE4C985587424A1919D54E2B448FDFAD55BDAEADA8CA7C7878973475ABBAB9852E1C7C16D3E74DCFEEC139505275EBD471AF3DA134D4EC27D155D74DFF00F97CD7D571F13DD5FD92B959E3AA6BE3DCFE8CFAA47015EB4F9C1A6DAE86ECFD97BAC48C90A79E8CE2109FD6252702B7A6F2CD3649464A3514A47CD7BAE739CDA99792F03BA5B2DAB7C1EA29C66BAC774BF3214A82B6D13633B1DC5A038943A9DD514924671E63C6B0A4A5BA623252DD677AE4AFE00DA7E82FD755732E3B4671EEBB564B2A22B9F2EDEBFC72E7F6B7BD735D786C477E1B88EEBC957C00B47D05FAEAAE6DC768CE45D76AC96D44573E5BBBFF008C5C7ED4EFF986BB11D88EFC3711F426C07C0AB2FD951E8AE656ED19C6B8ED5920A8884F9497FDE39F58AF58D764F427940775E46FE04B5F687BD635CEBAED0E4DEF6A4E6AB950F9A76D3E18DF3ED8BFCABAD4BB347768F670F034F5B920A031E74466746531253949D411C507A083FEB35B464E2F3441CF368A0BD6E0597F072B050E0C80B183A83F95495A69D34FBFEE4359750E9B0BDE313EA5BF5457C5EAF693F17F33DB50ECA1E08BD51928A01406EF61FE19D97ED23D5357F467F954FC4A1A4FFC3ABE07D175EF8F9C109E57FE05BDF5ED7AE2B93A6BFC47E2773D9EFF0035783F91C3EBC41EE85013FE4AB6A7DCE989B34F7310E42FFB3A94746DC27C9EC0AE8EDEFAF43A16FF00A37FA79EC7B3C7F93CEE9ED1BD343F534975A3B7BD73F15F2F03B3D7AC3C5919DB9D9B6B692CEA68611359CAE33BFAAAEA3F34F0354748592BBA5978AD874745E9095955CDFB5ED5DDF7471CD96BDCBD95BEADC5B2E0009665C63A1383D1F387475F9EBC9595D54D1F5DE65AB6347B5BFB3A7A42DF2C5F7C5FE707C4EF76AB944BB416E640792F30B1A293D07A8F51ECAF6D46B42B414E0F14CF9F57A152DEA3A55560D19D5291186BB6C271DE7170E3A9CE3BE5B493FBF1513A34DBC5C563E048ABD54B052787899600000030054A4663CD96C418AE4996EA598EDA4A96B59C048EB35ACE5182CD278236A74E7524A1058B6708DBBDA973696E49E682916E8E4861B3A151E056476F40E81DE6BC4E94D21FAB9E58EEAD9F73DF68AD1AAC29F5B5CE5B7ECBEA45D60941038E343DBD15CC3AC8FA4B65EE4DDDEC30A6B6ACF3AD02AF9AA1A28798835F43B4ACABD18CD713E657B6EEDABCE93E0FE1C3E06DAAC158606738D680E19CB47C326FEC68F5975D1B5ECFCCEB59767E6747E4AFE00DA7E82FD75553B8ED1946EBB564B2A22B9F2EDEBFC72E7F6B7BD735D786C477E1B88EEBC957C00B47D05FAEAAE6DC768CE45D76AC96D44573E5BBBFF8C5C7ED4EFF00986BB11D88EFC3711F426C07C0AB2FD951E8AE656ED19C6B8ED5920A8884F9497FDE39F58AF58D764F427940775E46FE04B5F687BD635CEBAED0E4DEF6A4E6AB950F9A76D3E18DF3ED8BFCABAD4BB347768F670F034F5B920A014069F6ADA43B67487129500FA48DE1C0EEAAB0C8AB6E1DAAC9C96479365B7BC6EF213BF19A560329D3C506BC3CB4053949BCDB4B50F69650828F44B577B337FAA58FF2CC9FC14D6BFD3D4FDE7E86DFD4F2FF00497AB1FD52C7F9664FE0A69FD3D4FDE7E83FA9E5FE92F563FAA58FF2CC9FC14D3FA7A9FBCFD07F53CBFD25EACCBB37268CDAEEF0E7A6E921D546739C085349015A1D09F3D4D6FA16142A2AAA5B086E7DA09DC529D2E8D2CCB0DA744AEE1E74D1ED6D891B456655BD72151D2A5A17BE94827C539C60D55BCB55754BA293C0B9A3EF1D8D6E9A2B1FE4867F54B1FE5993F829AE3FF4F53F79FA1DCFEA797FA4BD58FEA963FCB327F0534FE9EA7EF3F41FD4F2FF00497AB3C3C92472306F1271F549A7F4FD3F7D99FEA797FA4BD59D06D319F876E623CA94B96F3690953EB480A5F69C74D77A941C22A3278BE679BAF52156A39C23953E1C8CFA908884ED6EC143DA0B8A672643912414EEBA5B4021CC70273D23866B957BA2A9DD4F3E3833B3A3F4D54B2A7D1619970EE316CBC9FC9B2492F5AF686530B5637D0594942FBD3F9F1EDA8EDF44CAD9E34AABF426B9D394EEA392B514FCDE2BC193C642D2D243AA0A58185280C03E6AEC471C359C07863A8B959052ACE0E343DB408836D06C34BBFBC1773DA192A6D2728650C252DA3B8749ED39AE4DCE8D9DD76955E1CB0FE4EE5A698A766B0A34563CF178FE781ABFEA963FCB327F05354FFA7A9FBCFD0B9FD4F2FF00497AB1FD52C7F9664FE0A69FD3D4FDE7E83FA9E5FE92F566FF0064B645FD9A7D7E0F777DE88E1DE5C771A4EE9563CA041C83D7D75D0B2B0959F5633C572C0E6E90D290BF5D7A494B834FE1DE4C2BA4724501CFF69B93D5ED0DD573E6DE5D4ACA43684B71D2021209206BC789D4D59A7719160917295DF44B2C5129D96B3A6C361896C43CA7D31C11CE280055924F477D435279E598AD56A74937336F5A1A1CC267250C4A9B2641BC49417DD5BA521941092A5138FE756D5DB4B0C0BD1BE94528E04E365ACE9B0D8A25B50FAA408E08E714002AC92780EFAAD5279E598AB56A749373E66DEB523397CBE49D8912E4483789292F3AB7480CA481BCA271FCEADABB696C2FABE92597027F60B70B459615BC3AA7446692D85A8005581C702AB4E79DB653A93CF272E66C6B5343961E48582A52BDDA93AA8ABFB947493EDAB7FAB7C8E87EBE5C8F3FAA163E5B93F828A7EADF21FAF97226FB1D604ECDD9536F4485C809716E738A4849F18E71815055A9D23CC54AD57A596637B51911CDAF1C973173BBCE9EABB4868CA74BA5096924249E8CD5A8DD38A51C0BD0BD708A8E1B0C4FEA858F96E4FE0A2B3FAB7C8DBF5F2E43FAA163E5B93F828A7EADF21FAF9721FD50B1F2DC9FC1453F56F90FD7CB9119E50B93462D76269DF7624AB7E4A53FDCA7F55668EEDF230EFDF23B46CC7C1AB4FD919F50554281B2A0140280500A0140280500A0140280500A0140280500A0140280500A0140280500A0140280C0BD5C5AB45A26DC64A56A62232B7DC0819514A5249C0EBC0ADA11736A2B89B4639DA8F3359B0DB59036CEC42EB6A6E43718B8A6B76420255949C1D013E9ADAB5195196591B55A4E9BCB224551918A01402808C6D9EDB593635A8AE5FE438C224A9496CA195399291939DD07152D2A13ADB84B4E8CAAEE17F6976B6D1B396266EF757DC6E0BCB4210B434A592563291BA066B14E8CEA4F24769885294DE58ED36162BB44BE5A225CEDCE1721C96C38D2D49292527B0EA2B59C1C1E57B4D651707833615A9A8A014041F95DF8351BED69F5174049B663E0D5A7EC8CFA8280D9500A0140280500A0140280500A0140280500A0140280500A03552AFD6A897366DB2AE5119B83D8E6A338F252E399240DD493939C1AD953935992D46CA126B361A8DAD6A6A6AA5DFAD30EED1AD72AE3159B9491BCCC65BA038E0D754A7A781FDD5B2A726B325A8DD424D66C351B5AD4D0D549BF5A625D18B6CAB9436AE0FE39A8CB7921D5E738C2789E07F756CA126B325A8D9424D66C351B5AD4D45011EBC6D9ECD599D2D5D2F96E8CE8382DAE4277C7DDCE6A5850A93DD4491A3527BA8BF62DA7B15FB22CD7783394064A58792A501DA06B5ACE94E1BEB0313A5386F231F943F803B47FF6E91FE5AAB6A1DAC7C51B51ED1109FE8CDFEEC91F6D7FD22ACE90ED89EFFB53A8CA92CC48CE4894EB6CB0DA4AD6E38A094A00E2493C05514B1D48A896261D96F96BBD36EAECF708B390D2B75C547752E049EA2474D6F3A7286F2C0CCA0E1BCB03136836BB67F6794117ABC4286E1D436EBA02F1D7BBC7F95669D1A95371626D0A539EEA160DAED9EDA0514596F106638352DB6E82BC75EEF1FE549D1A94F7D60274A70DE46BB941B6EC84F8D13FDB8F000C216A0C196FF343788D707235C0ADA84AAA6FA236A52A8BB33276C2DDB312B66DA636A0434D99A520A3C25DE6DB4A8688F1B23AF4D6B14A55232C61B4C5395452EA6D367B3B1ADB12C7058B10685AD0D011B9A56F23731A6E9D722B49B936F3ED349B6DF5B69B3AD4D4500A020FCAEFC1A8DF6B4FA8BA024DB31F06AD3F6467D41406CA80500A0140280500A0140280500A0140280500A0140280501C3BFA4C5A5D66258B6AADE3765DB64A5B52D235C1214D9F32D207DFAE8E8F9E2DD27B197EC64B174DF13AFECFDD19BD59205CE3105996C21F4E0E7014338AA1383849C64529C72371E47CAFB7572B85E76CF68F6DAD842A25827C661A50C9C84A8A53BBD8549513D8B15DCA3150A70A12DB2C4EC518A85354A5B6589F56DA27B375B543B845398F29943C83F354011E9AE1C938369F038F28E56E2CE1DC9B246DAF2E3B45B50B0170ED99622ABA33AB69C7DD4AD5F7EBA571FD9B68D2E2CBF5FF00B341438B3BF572CE718B7186DCFB7C986F15069F6D4D2CA4E0E1430707CF598BC1E2653C1E2735B1F219B196E8E132E23F72788F19D92FA86F1EBDD4148AB93BFACF63C0B52BDAAF63C087F2B5C965BF662D0BDA9D8D7245B64DBCA5C5B68754ADD4E40DE6C925492339C67046462A7B6BB9559745575E24F6F72EABE8AAEBC49EB57E7369B90B9777929099122D1239E09D0738942D2AC79D26AB747D15CA87795FA3E8EE147BD1AAFE8DCF371F92C2F3EE25B69B97214B5AC801201C924F5549A416358DEF97F748C5FEE973E5A368D561D9D71C8BB1F0D6933266EE39F20E87B7878A9FBCAE815253846CE19E7BEF61BC22AD239E7BCC937299798BC95727D0ED3B2AC2634B94A2C45213BC51A656E9FD6570C678A942A1B6A6EEAAB73D8476F0773531998DB07C8BDA9B828B8EDA36E5D6F52873AFA5F75452D93AE0EB95A874A893AF0C56D5AFA78E5A5A91B55BC9639696A47BB65C885B252113362D7EE25DD950534438BE689CF1D32A41E9053E7159A57F35D5ABD6429DECF76AEB4693FA4BC67A2EC46CBC79B25536434F94392168092EA832415103419E35268E69D4935A892C1E3396049BFA43007921C1191CFC5F5854363DBFA90D9F6DEA4CB930007277B34070F73D8F50557B8ED65E24371DAC8945424228050107E577E0D46FB5A7D45D0126D98F83569FB233EA0A036540280500A0140280500A0140280500A0140280500A0140280D0EDBD8D1B4BB2775B439FF00E530A420F0DD5F149F328035251A9D15453E4494A7D1CD48E2FC99EDC2ECDC886D12242B9BB85894B61A41D0A4BA70D8F32CA87DDAE8DC5BE7B88F297D0BD5E867B85CA4493930D866DDE43DDB54A4E245F185C8714B1A852C0E689EE0941A82E6E3FEE73478115C57FF00B8CCB811CD83DB772D1C83DF5990AE6EE96452E02124E0A54E1C37FB94A50FB953D6B7CF72B94B592D6A39EE17296B273FD1F367FDC2E4DE13AE20A64DC4998BDE183BAA18467EE04FEFAAB7D533D57DDA8AF79533D57DC74CAA855205CB3ED83FB19B18E4D8410673EEA63B0A50C8412092B23A70124E3AF1566D2874D532BD858B6A3D34F2BD841366F92199B4B6F8F77DB9DA4BC3F325203BE0ECC8C068280201241D71D0001D5D756AA5EAA6F2528AC1162776A9BC9496C313941E4A23ECB6C7DDEE76ADA3BDA586582A761C87C38D3E9D3C556838F9EB342F1D4A8A328A36A374EA4D45A241B0DFFE9B247FDB677A5DA8EB7F99E688EAFF0097E68E59C9EC4DA1DB5D9E8FB156752A1D99A75726E534E4A55BE77928234CF0F233AF13802AE5774E8CFA696B7C116EBBA7467D2CB5BE04F7913DA37F65AF92B93FDA665B8B29B796623B8C071475DD27E36F0F1924EA4653D00555BCA4AAC7F5102B5D53E9174D02CFF4933E09B53B17709437A034EA82FA402971A59CFDD07F756DA3F5C6715B4DAC75C251E277C42D2EA12B428290A19041C822B96734AE80E19FD2BBE0E587ED8BFF002955D3D19BEFC0E868FDF7E06EBFA437FBA23F5F17D615158F6FEA4767DB7A932E4C7FDDE6CD7FDBD8F50557B8ED65E24371DAC893D424228050107E577E0D46FB5A7D45D0126D98F83569FB233EA0A036540280500A0140280500A0140280500A0140280500A0140280501F30EDF6C0DE1DE54A65AEDB126FB857E94C497DD6DB5165237895EFA80C0293CE11F48576285CC3A05296D89D6A35E1D16696D89F4CB0D371D96DA65212DB69094A470480300571DEB392D9F347289B05777F952956CB7449A6C77E94C497DD6DB529946A77CAD406014FE9143E9D76285C4234734B6C4EB51AF054B33DB13E978ECB51D86D965010DB690842470006805721BC4E4B78976B0082F2C1B1CEEDB6C7B9022AD089ACBA9911F7CE12A50046EA8F40214A19E8D0D58B5AFD0D4CCF6162DAB7433CDC0E7DB3DCA66D46CADBD8B3ED5EC6DDE5488C80D37223364F3A948C0CE01493A71075E38AB53B4A755E7A535ACB33B6A751E784CA36D9FDB9E5076667B86C12ACB638EDF3C886417254F7011B8828D084675E1D1D3D0A2A8DBCD6BC5FC10A5D1509AD78BF8224DB1B6CB847FE8FCFDBA44094D5C4DBE620455B643A54A2E6E8DDE393915155A9195D66C756288AACD4AE7363AB5193FD1E6D93AD5C9EA63DD20C88524CB7965A90D96D782460906B17D353AB9A2F135BC9A9D4CD11CB66C01DACB4A2E568051B416F4EF47520EEA9E483BDCDEF741CEA93D0AEF358B4B8E89E596EB16B5FA3783D8CC1B6C199CA8726EE5A36C2DB3AD57B8A5253224462DE5C00EE3C90A18208C8527B48D322B69495B55CF49E2BF351972542AE6A6F1445AC7B4BB7DC9A474D9EFDB3B22F76B8FE2479117797BA9E01295849CA7A82802069C054F3A542E7AF096564F2A746BF5A2F0664DC36B3943E5091EE66CC58656CF417884BB3A41536A48E9C2C818FB80ABB456151B7A1D69BCCF91854A851EB4DE67C8B5FD24634985B0DB2D1A7CC54E96D3E50EC952020BAA0D1CA8A4683359D1ED3A9394519B169D49604C7973B74EBA725A235B21C89B24BB197CD476CAD6405024E076557B392857C64F020B592855CD225BC9DB0F45D84D9F8F2995B121A80CA1C6DC4EEA90A0800823A0D57AF252A927121AED4AA39224951910A014041F95DF8351BED69F5174049B663E0D5A7EC8CFA8280D9500A0140280500A0140280500A0140280500A0140280500A0140280500A0140280500A0140280500A0140280501F3BED1593941E53AED6D85B416366C96A88F9538EEF82083A2943C6254777200000D7535D5A7528DB26E0F16CE9539D1B74E5078B67D0C8484212848C048C01D95CA39A5540280500A020FCAEFC1A8DF6B4FA8BA024DB31F06AD3F6467D41406CA80500A0140280500A0140280500A0140280500A0140280500A0140280500A0140280500A0140280500A0140280500A0140280500A020FCAEFC1A8DF6B4FA8BA024DB31F06AD3F6467D41406CA80500A0140280500A0140280500A0140280500A0140280500A0140280500A0140280500A0140280500A0140280500A0140280500A020FCAEFC1A8DF6B4FA8BA024DB31F06AD3F6467D41406CA80500A0140280500A0140280500A0140280500A0140280500A0140280500A0140280500A0140280500A0140280500A0140280500A020FCAEFC1A8DF6B4FA8BA024DB31F06AD3F6467D41406CA80500A0140280500A0140280500A0140280500A0140280500A0140280500A0140280500A0140280500A0140280500A0140280500A020FCAEFC1A8DF6B4FA8BA024DB31F06AD3F6467D41406CA80500A004E38F0A0294292B1BC85050EB0734055405095A579DD5038383839C1A02BA0140280500A01402805016C3AD9754D85A4B8002500EA075E29802E501E294120951C01A927A280254140149C83A823A680F680500A0295A9284952D41207124E05015500A0140280501E120024E806B404753B6BB36AB0397C4DE229B4A1CE695282BC40BC818CF7915274353364C35927452C72E1ACDF32EB6F32875A50536B48525438104641A8DA23688FB9B6DB34DAD495DE62254999EE71055C247FCBFA55274353977927453E4496A3232C4A7DA8B19D90FAB71A69056B51E0120649A258BC0CA5890783CA0C6BDDCE4C7D9A95629ED32D73DBCAB89428A063794521B3BA01206A6AC3B77058D4C579133A3956691ACD98E541FDA9DA9369D9FB1F86456377C2EE6246EB0D7594E5395038F1781571C01AD6F52D1538679BC3B89276DD1C334DF91D4AAA150500A020FCAEFC1A8DF6B4FA8BA024DB31F06AD3F6467D41406CA80500A022BCA8148D80BE6F9C23C195BC738D3233535BF6A896876888A5F65DB2D73D72F61DC8ADBECC094F4DF02DD5474B696945B53894F8BBFCE6EEEF491BDD19A9A0A53596AF35863B7F30258273EAD4E68CCBAC9BF415DDD09DA1716615A9373415466C1539FA4CA55A7F7679BE1E50CF95A0AD6318BC356D78184A2F0D5B5E06BFC396EED8C1757704DB9A4CF9ADE1A42109749698504AB230A59C919E27A3856D97FB6F563B3EA6D97A9B31D867C3BFDE2D3B3967DA3BECE44B8329BDE98D36C84A58DF402D6E6067CB010724EAE67402B574E139B8416BE1F534708CE6E112550AE2AB4ECF5BDFDA99AC332DD094BCE2C04212E2B2773A863C904F1C759A81C73C9E4444E39A4F21CF117D9515C5B706698D6F9B2A7CB6E621D6101D507C2404A9EF14A40CAB03550E0719AB7D1C65BDB705CFE858C9196F6DD5F9A8D83D7ADA272DD3EE2BBA478EFC476135E0ECB4975825D4B5BE77BCA503CE129C118D339AD3243151C36E3F031969E2961CCF6F37FBBDAE63B6A55C1D75A44FE6953945969D4A151C3894152806C12A240511A818E3AD214E1259B0E1F5311A7071CDF9B4A59BF6D2BACBD2112E33E205B0CCE663250E998AE71E4A09527230528495251AEF0C248ACBA74FD5E1E1B0CBA74FD5978ED04F8EF855AB681BBE44662A27CB5A596CF3684AD2169DE48C00B4296A4A4F8C0B5C4835AF469EF2CAF1C17E7E6D31D1AFDCB0E04A7642F0ABB32EC87E532A32D6A950984E12A4C3C84B6BC712158DFC9FD7C7454356191E1CB6F8914E387E71206C7330EE486AD522CF709D2E5C8443B820667C67D61C3979383BE849F149D309C69A559799AEB629715C3C89DE2E3AF14BE1E4664CDB2BACD82DCF8E4C2B7B8FB76F7FC842997C256A7FC6706EA48584B20AB4CEF11938AC2A304F2BD6F6FDBEE6AA9453CBC76FE7CCC1726CD99379FB95D53872D13DA690875A5A25A50B180A291BBCE60F8C11C3774C648AD94528F55715E5FC1BE5497557145F81B512589965661CA5219448896E7633CE34028290904A1BDDE731E305051579B76B574934F1EF7F9C0D5D24D3C7BD979ADA5BB5BAD368BA5CAE8ECA6AE109F75E6DB61B4F34A48052A6F4D319C1DE2463538028E9464DC62B61974E2DB8C56C37DC9F5E665C2E37983325A652220616DAF9D6DD5279C4AB292B6D2949D5391A03AF562A2AB0514A4B89155828A52E646367EF8FDAEDDB32153D49B718CC031E32DB53C14A708256DA815AD0ACA4028391851C1A9AA4334A5AB5924A18C9EAD660DEB69645CADD31B725BB2204A84E4B4B0B5B0E3A82DBCCEE8096C0DC242B1BAA275C6A08556F4E92525CD3EFEF37A74D27DE6F91B4B3E55C198D75BA8B187643E99282DA01885094F34C05A814E56951739C390A092138A87A349668AC7EBDFF422C8B0EAAC7F3694C7DA8BE782B2D73ED487EEE1516D72431BA95BADBAA429D2903C92D61ED74F1158D08ACBA50C7C36FDBD751974E3E9B7F3E05EB6ED54995B5D6F6E3CD7570A5CB7A1AA3485B3BE3710BF18369485A3C66F8A89C83A8191589524A2F56B46254928B3A5D552B8A0287BFB95FD13E8A208F919165DA75722B39D4CB75367F0C215693055CF2D7CE0C2F7B1BD8C90AC70D2BBBD252FD42D5AF0DA763A4A7D3F7F32497CB9ED447DBA2CAEE373B7B897A28B5A407D5194C6EA7239B420A579F8C5441073D550C634E54F663B71E64518D3E8F663CCBCC3B77B65E6E4A80DCA8E24EDB843C52C1505B3AE78A4F899E91FBEB0F24D2CDC221E49259BDD2D5AAE7B50ADB08691376957B5A6F0A6E641790AF00443DE3923E2EEEEE0823D84E651A5D1BD4B2E1A9F1C4354F23D9970F3C4B1B3CF6D3B0F6CD5EFDD8DA479D977E5417E3C8538B6BC1C28609411A020F13A7563149F46F353C16CC7CCDA7D1CB1860B67C4A7942D987A4F2A778B7D9B72CD643163A27C96DADC61B6D5A9494A478C54A03091C48D7406B342B4550529F59EBC051AAA349396B6754E4F1164B45D956CD9A71D72D2D4365055B8A217214B70A96B3819590064F40C0D060552AF9E6B34F6E3F029D6CF359A7B713A65542B0A014041F95DF8351BED69F5174049B663E0D5A7EC8CFA8280D9500A014052B42568295A4292460823208A02D3319861A2D32CB4DB47E2252003E6ACB6D996D970B6839CA41C8C1C81A8EAAC182D3B19878243ACB6B0141602920E143E377F6D67166716625CACF0EE4A8DE1885AD11D61C4B41C525B52810415241C2B0402339C1A464D6C32A4D6C339F69B7D95B4F36971B58C290A190A1D445613C0D532D3B0A2BCC2187A3B2E328C6EB6A40294E386076513667165F2DA0EF65093BC727238D0C16DF8CC3EDADB7D96DC6D7E5A549042BBC74D1368CA656DB4DB6006D09480909000C600E8A6260B6C46623A561865B6C2D456B08481BCA3C49C713596DB32DB65221464CEF0C4B2812B9A0CF398D77012777BB26999E180C5E181EA62C74CA5C94B0D264293BAA742005287513C48A62F0C062F6171D61A7595B4EB685B4B04292A4E42B3D62988C4B5E071B7594F83B3BACFF7437061BD31E2F569A694C58C5950891C3FCF865A0F6E84F381037B03A33D54C58C595969B2909284E00C018D056313189E478ECC5683719A434DA7409424240EE146DB32DE250A89194EB4EAA3B25D6B21B5940CA33D47A2B38B18B3D6E24768B85B61A4971454B29401BE7ACF59A62C62CF24448F250B44861A750E001695A010AC70C83C71584DA09B45FDC4F8BE28F17869C2860B288AC21F71E432D25E731BEB09014AC70C9ACE2CCE2CC8AC18140280500A0140280500A0140280500A020FCAEFC1A8DF6B4FA8BA024DB31F06AD3F6467D41406CA80500A0140280500A0140280500A0140280500A0140280500A0140280500A0140280500A0140280500A0140280500A0140280500A020FCAEFC1A8DF6B4FA8BA024DB31F06AD3F6467D41406CA80500A0140280500A0140280500A0140280500A0140280500A0140280500A0140280500A0140280500A0140280500A0140280500A020FCAEFC1A8DF6B4FA8BA0395DBAFB774408C945D67A521A4000485803C51DB4064FBBF79F95AE1FC4AFDB403DDFBCFCAD70FE257EDA01EEFDE7E56B87F12BF6D00F77EF3F2B5C3F895FB6807BBF79F95AE1FC4AFDB403DDFBCFCAD70FE257EDA01EEFDE7E56B87F12BF6D00F77EF3F2B5C3F895FB6807BBF79F95AE1FC4AFDB403DDFBCFCAD70FE257EDA01EEFDE7E56B87F12BF6D00F77EF3F2B5C3F895FB6807BBF79F95AE1FC4AFDB403DDFBCFCAD70FE257EDA01EEFDE7E56B87F12BF6D00F77EF3F2B5C3F895FB6807BBF79F95AE1FC4AFDB403DDFBCFCAD70FE257EDA01EEFDE7E56B87F12BF6D00F77EF3F2B5C3F895FB6807BBF79F95AE1FC4AFDB403DDFBCFCAD70FE257EDA01EEFDE7E56B87F12BF6D00F77EF3F2B5C3F895FB6807BBF79F95AE1FC4AFDB403DDFBCFCAD70FE257EDA01EEFDE7E56B87F12BF6D00F77EF3F2B5C3F895FB6807BBF79F95AE1FC4AFDB403DDFBCFCAD70FE257EDA01EEFDE7E56B87F12BF6D00F77EF3F2B5C3F895FB6807BBF79F95AE1FC4AFDB403DDFBCFCAD70FE257EDA01EEFDE7E56B87F12BF6D00F77EF3F2B5C3F895FB6807BBF79F95AE1FC4AFDB403DDFBCFCAD70FE257EDA01EEFDE7E56B87F12BF6D01A5DAABD5D1EB6B697AE535C4F3C0E14FACF41EDA03FFFD9',
        'kotlin_in_action.jpg', 'image/jpeg');

insert into BOOK (ID, ADDED_AT, DESCRIPTION, IS_AVAILABLE, ISBN, PRICE, PUBLISHED_YEAR, QUANTITY, TITLE, CATEGORY_ID,
                  COVER_ID, LANGUAGE_ID)
values (1, '2022-01-30 12:13:59.667016',
        'Kotlin został zaprojektowany jako obiektowy język w pełni interoperacyjny z kodem napisanym w Javie. Został zaprezentowany w 2011 roku. Od tego czasu jest rozwijany, a jego popularność stale rośnie. Kotlin jest językiem o statycznie typowanych zmiennych. Charakteryzuje się czytelną składnią i ścisłą integracją z istniejącymi projektami, bibliotekami i platformami utworzonymi w Javie. Kompiluje się do postaci binarnego kodu JVM, więc można go uruchamiać wszędzie tam, gdzie jest Java, również w Androidzie. Kotlin zainteresuje programistów aplikacji mobilnych również dlatego, że kod napisany w tym języku obciąża system w minimalnym stopniu. Przy tym wszystkim środowisko Kotlina jest w całości otwartym oprogramowaniem do bezpłatnego korzystania w dowolnych celach!',
        true, '978-83-283-4720-5', 67.00, 2017, 60, 'Kotlin w akcji', 1, 1, 1);

insert into SALE (ID, END_AT, IS_ACTIVE, SALE_UNIT, CREATED_AT, VALUE)
values (1, '2022-01-30 21:23:00.000000', true, 'PERCENT', '2022-01-29 21:18:00.000000', 10.00);

insert into BOOK_SALE (SALE_ID, BOOK_ID)
values (1, 1);

insert into BOOK_AUTHORS (BOOK_ID, AUTHOR_ID)
values (1, 1),
       (1, 2);

insert into BOOK_PUBLISHERS (BOOK_ID, PUBLISHER_ID)
values (1, 1);

insert into BOOK_SUBCATEGORY (SUBCATEGORY_ID, BOOK_ID)
values (1, 1);

insert into PAYMENT_METHOD (ID, METHOD, PRICE, TYPE)
values (1, 'PayPal', 12.00, 'TRANSFER');

insert into DELIVERY_METHOD (ID, NAME, PRICE)
values (1, 'Poczta Polska', 14);